ds,yhat,yhat_lower,yhat_upper,y,category
2023-01-01,1.5796675323740157,0.0288911833480643,2.9872011919384205,2.0,Books
2023-01-02,1.422985105879839,-0.12049373654155753,3.016637095489853,2.0,Books
2023-01-03,1.4208357643591463,-0.009657679284423083,2.9330137815450703,1.0,Books
2023-01-04,1.4563908820103717,-0.0493045804706211,2.8193867089705344,1.0,Books
2023-01-05,1.3598729651534809,-0.09214779643556448,2.846092749407382,3.0,Books
2023-01-06,1.4236933936341438,-0.027546428893450603,2.9061083321136274,1.0,Books
2023-01-07,1.2505243201660527,-0.30534868665171927,2.748363556065034,2.0,Books
2023-01-08,1.3063707224220615,-0.23619217187944794,2.708046405561176,1.0,Books
2023-01-09,1.1490514328347177,-0.34992602899695713,2.750303314759643,0.0,Books
2023-01-10,1.15053222599211,-0.23500064297833334,2.7649470535029286,0.0,Books
2023-01-11,1.1938588558872931,-0.25796662250629326,2.688215383578311,0.0,Books
2023-01-12,1.1090308776185973,-0.35669894431548976,2.534934488814722,0.0,Books
2023-01-13,1.1882813073222,-0.3158474991474842,2.577651690522073,0.0,Books
2023-01-14,1.0338468819110884,-0.4279428146717862,2.4338541102481925,1.0,Books
2023-01-15,1.1114627747143504,-0.24573966912241646,2.5242270693763293,1.0,Books
2023-01-16,0.978379592221201,-0.5244720223667528,2.397510443102434,0.0,Books
2023-01-17,1.0061669910178241,-0.44054379349797507,2.523409899400143,2.0,Books
2023-01-18,1.0773100225604966,-0.30805837006289094,2.610234755289236,0.0,Books
2023-01-19,1.021211464262183,-0.45939921965560493,2.4517089460592665,2.0,Books
2023-01-20,1.1296215442711248,-0.35304254707107974,2.6350067503373804,1.0,Books
2023-01-21,1.004112967355016,-0.4641717921262443,2.448939618549643,0.0,Books
2023-01-22,1.1100028115223879,-0.32312497205046775,2.594089237909513,2.0,Books
2023-01-23,1.003908023015364,-0.39390483437161167,2.5012281013980417,1.0,Books
2023-01-24,1.0570200621588544,-0.3715093552690711,2.4923850875852267,0.0,Books
2023-01-25,1.1513630303413442,-0.4576669519204639,2.6136535112586707,3.0,Books
2023-01-26,1.1159210193688782,-0.3730979883057051,2.537007188874524,4.0,Books
2023-01-27,1.2422125548953975,-0.22206029455785098,2.7161194520140834,3.0,Books
2023-01-28,1.1314633424919711,-0.36608045853333304,2.510682843618366,0.0,Books
2023-01-29,1.248946799675131,-0.14883223916134744,2.7152238856358464,1.0,Books
2023-01-30,1.151068237908776,-0.2740159972083298,2.5317709968967983,1.0,Books
2023-01-31,1.209099727997397,-0.23148718506493302,2.7594378156592865,2.0,Books
2023-02-01,1.30508848726527,-0.16896792679169637,2.7776822621725294,1.0,Books
2023-02-02,1.2680973180548611,-0.11429127210126361,2.7856144234708866,1.0,Books
2023-02-03,1.389911740224873,-0.05203548902215866,2.925045703223517,1.0,Books
2023-02-04,1.2718986354994126,-0.34161279800126554,2.7265103542616784,0.0,Books
2023-02-05,1.3797540986980452,-0.1378826321709391,2.7977607771303568,1.0,Books
2023-02-06,1.2701057734918628,-0.17094922333142903,2.6497176104591156,0.0,Books
2023-02-07,1.3146984430588777,-0.1992584593334912,2.7292517937455734,0.0,Books
2023-02-08,1.3959444432069323,0.010341501282412482,2.9623510375231876,2.0,Books
2023-02-09,1.3432704016491126,-0.08917064853996623,2.884022937124357,0.0,Books
2023-02-10,1.4489518613642367,0.027504705538246087,2.988918095718433,1.0,Books
2023-02-11,1.3146543135780984,-0.19948966251741787,2.5606256931308344,4.0,Books
2023-02-12,1.4065865999125395,-0.09269153078990394,2.899563031164273,1.0,Books
2023-02-13,1.2816213799850606,-0.22191165340614577,2.7538416401825425,0.0,Books
2023-02-14,1.3119331302113924,-0.18236491412732297,2.7849017781836287,0.0,Books
2023-02-15,1.3801938842966133,0.042755021888655924,2.8394813566176618,1.0,Books
2023-02-16,1.3160310654105116,-0.16635324180411032,2.7200013656727466,2.0,Books
2023-02-17,1.4119957432739627,-0.15671004621897336,2.8738227716292384,2.0,Books
2023-02-18,1.2697932218602597,-0.176487968565191,2.7078785197951314,2.0,Books
2023-02-19,1.3558502416236284,-0.042180879153056856,2.825372036772766,0.0,Books
2023-02-20,1.2269623199411681,-0.18256603200310687,2.704664544428963,0.0,Books
2023-02-21,1.255393453431025,-0.17850356065216114,2.608366410628312,3.0,Books
2023-02-22,1.3237264909220645,-0.20941024051316115,2.7304361225779874,1.0,Books
2023-02-23,1.2614413325899219,-0.14643164458214022,2.8136882442719275,2.0,Books
2023-02-24,1.3610257463350417,-0.14446058398222306,2.7706382763991777,2.0,Books
2023-02-25,1.2239038471657566,-0.24490159386223373,2.751811691060461,0.0,Books
2023-02-26,1.3164246427678192,-0.07324978783451026,2.7145814065560305,3.0,Books
2023-02-27,1.1950426705205885,-0.35802448537927306,2.6415208275908952,2.0,Books
2023-02-28,1.2318849650154917,-0.141250743425252,2.683199016262476,0.0,Books
2023-03-01,1.3092601487102182,-0.16322535161016977,2.816217429557658,1.0,Books
2023-03-02,1.2563599084805142,-0.20060798776515398,2.6839310769302274,0.0,Books
2023-03-03,1.3655139100834837,0.002608113863200581,2.8639526546044074,1.0,Books
2023-03-04,1.2378162626837221,-0.33121335309136873,2.6738333698148584,2.0,Books
2023-03-05,1.3395343560919273,-0.11460916096454533,2.771652864357668,2.0,Books
2023-03-06,1.2268204202814754,-0.16136465497917005,2.6406317281115324,0.0,Books
2023-03-07,1.271742299125392,-0.20395829349276995,2.7317402929463688,1.0,Books
2023-03-08,1.3564468320468315,-0.19336052542781637,2.8303066475908962,0.0,Books
2023-03-09,1.3099793795880084,-0.16757654405140016,2.732640705359928,4.0,Books
2023-03-10,1.4246769906203447,-0.0573072079073259,2.807532929998071,2.0,Books
2023-03-11,1.3014865873410775,-0.1819689649196916,2.786772902891352,0.0,Books
2023-03-12,1.4067876145412803,-0.12704680494788068,2.858863279510139,4.0,Books
2023-03-13,1.2966280314932594,-0.16871891971237538,2.6405241920500395,1.0,Books
2023-03-14,1.3432125906229953,-0.21211485858440926,2.8130878037197937,0.0,Books
2023-03-15,1.428714584569909,-0.04196323531898159,2.8367079475603583,1.0,Books
2023-03-16,1.3822080413895943,-0.08286995636145425,2.787676242572366,0.0,Books
2023-03-17,1.4961944597640982,0.193238915981674,2.986781499353463,2.0,Books
2023-03-18,1.3716088466292296,-0.030516528938912737,2.9141594462126523,1.0,Books
2023-03-19,1.475053221526087,0.06481410693796592,2.8521282154644707,3.0,Books
2023-03-20,1.3625550565100317,-0.13503073085536477,2.7892724941768674,1.0,Books
2023-03-21,1.4065120780226459,-0.09842276588608333,2.935587339615564,3.0,Books
2023-03-22,1.4891523968715201,0.023251711388906537,3.136498195365722,0.0,Books
2023-03-23,1.4395803551763602,-0.07677129876474449,2.785527233759379,0.0,Books
2023-03-24,1.5504387108199231,0.04563759136479776,2.9675914719615615,0.0,Books
2023-03-25,1.422605215294595,-0.06338655734425952,2.94891439869538,1.0,Books
2023-03-26,1.5228403505146735,-0.0493942522982653,2.989739192353756,1.0,Books
2023-03-27,1.4070721468649865,-0.10604390705089144,2.872586443766998,2.0,Books
2023-03-28,1.4478018397805,-0.07154035174547758,2.9165507588799255,3.0,Books
2023-03-29,1.5272169532374302,-0.10368956756289184,2.9386119628362897,0.0,Books
2023-03-30,1.4743554418183287,-0.011781815507230885,2.8858735132166946,0.0,Books
2023-03-31,1.5819078747074793,0.15602723699947532,3.0513143502481177,3.0,Books
2023-04-01,1.4506088513302573,0.08910489841026699,2.8923638735116546,0.0,Books
2023-04-02,1.5473028669670397,0.01623469315851617,2.9864540970828113,2.0,Books
2023-04-03,1.4277588714113534,-0.06881331525122479,2.8058340371311243,3.0,Books
2023-04-04,1.4645394957343452,-0.04712116284141222,3.087982486626105,1.0,Books
2023-04-05,1.5397690690448296,0.14493635873788288,2.9339593765666776,0.0,Books
2023-04-06,1.4824172354655778,0.03163281131990471,2.901539546246644,3.0,Books
2023-04-07,1.5852414823316956,0.12875625268635477,3.0415642241398784,2.0,Books
2023-04-08,1.4488728954764682,0.0037762174158498603,2.826570528638119,1.0,Books
2023-04-09,1.5402988351483167,-0.00774578453836731,2.959798224616566,1.0,Books
2023-04-10,1.415205143969045,-0.1418390430080185,2.8282056734535708,1.0,Books
2023-04-11,1.4463061573931733,-0.0951851185969218,2.9392007328347654,2.0,Books
2023-04-12,1.5157642667686497,-0.05901224126285715,2.946904499483904,1.0,Books
2023-04-13,1.452589144930999,0.018282403062731194,2.849714564952558,1.0,Books
2023-04-14,1.5497164054814911,0.03588139893398847,3.044391787553889,3.0,Books
2023-04-15,1.4077832832056871,0.03979788915129648,2.826750433724777,3.0,Books
2023-04-16,1.4940236571713696,0.13330111056135527,2.961146682314201,1.0,Books
2023-04-17,1.3641335495295033,-0.0665934754079693,2.8984592681680907,3.0,Books
2023-04-18,1.3910578166754157,-0.07997861080673245,3.008597004829231,2.0,Books
2023-04-19,1.457057554075977,0.02545560289270895,2.970153899059269,1.0,Books
2023-04-20,1.391221753636229,-0.055705337325273774,2.8316546115715373,3.0,Books
2023-04-21,1.486679558235165,0.04384311475933731,2.9700772305165644,2.0,Books
2023-04-22,1.3440640650068998,-0.06506240518871124,2.8224807071448685,0.0,Books
2023-04-23,1.4308186960130849,-0.06649315803482059,2.9081675428833274,0.0,Books
2023-04-24,1.3025858345316996,-0.24342592150981507,2.7577063136836353,0.0,Books
2023-04-25,1.3324509063528116,-0.10799394541158452,2.6691916477106314,3.0,Books
2023-04-26,1.402659187708515,-0.04193221500424302,2.7751612515330355,0.0,Books
2023-04-27,1.3422422692599687,-0.012442485992079404,2.7615205964138823,2.0,Books
2023-04-28,1.444367030633598,-0.1061182607684628,2.8972553639242897,2.0,Books
2023-04-29,1.3094913525132814,-0.10483252553643292,2.7100779173257825,0.0,Books
2023-04-30,1.4050861732439732,-0.024304853378077987,2.935707421960198,2.0,Books
2023-05-01,1.2865520256383771,-0.15444274244214268,2.828376478978084,1.0,Books
2023-05-02,1.3269255558971518,-0.18142759471547515,2.8978051487751944,1.0,Books
2023-05-03,1.4082509151731117,-0.015855396012845337,2.9221007804874297,3.0,Books
2023-05-04,1.359326189684497,-0.04951923545440891,2.7122204869767548,3.0,Books
2023-05-05,1.4731940774401362,0.060319435378829764,2.9656726691911066,1.0,Books
2023-05-06,1.3499941642348692,-0.2539357068185248,2.8411604129066337,2.0,Books
2023-05-07,1.457104853596713,0.06934695863025893,2.9143305687549903,2.0,Books
2023-05-08,1.349591396153952,-0.17720079915111114,2.805887142488098,2.0,Books
2023-05-09,1.4003777343691708,-0.05783059611896387,2.9389490213969256,1.0,Books
2023-05-10,1.4912745734325583,-0.017381347881307834,2.9968431064894308,0.0,Books
2023-05-11,1.4508470165219018,-0.0046863388569945656,2.8409548528944697,1.0,Books
2023-05-12,1.572047287723433,0.13983414094591134,3.1139116456182734,1.0,Books
2023-05-13,1.4547630088849017,-0.05560214750186165,2.8333523515805106,2.0,Books
2023-05-14,1.5663775484863278,0.16076630826137212,3.0860620636141896,3.0,Books
2023-05-15,1.46174723991439,-0.002164167947603251,2.9050191099152816,2.0,Books
2023-05-16,1.5138354665758953,0.06693040707396015,2.961971832915376,1.0,Books
2023-05-17,1.6043936355666892,0.1787476690082976,3.1031715236801456,1.0,Books
2023-05-18,1.5619456613339278,-0.025391109919168715,2.917894926876021,3.0,Books
2023-05-19,1.679557925673064,0.1888003455848427,3.108095686171412,1.0,Books
2023-05-20,1.557078434907687,0.12437256262229883,3.0045100876299276,0.0,Books
2023-05-21,1.662110304322367,0.09599725406946087,3.1044982830923775,2.0,Books
2023-05-22,1.5495128730768293,0.15887408917553306,3.0642657157184496,0.0,Books
2023-05-23,1.5924928801471243,0.14540656756376805,3.041223545265676,1.0,Books
2023-05-24,1.6729334813542216,0.21320701201759693,3.041846104314162,2.0,Books
2023-05-25,1.619491148597795,0.05953353500666962,3.0830588486749586,1.0,Books
2023-05-26,1.7254989835355692,0.19121277123557673,3.199868943397324,2.0,Books
2023-05-27,1.5908935260320003,0.057634151447027104,2.9506123569397578,1.0,Books
2023-05-28,1.6835988835342246,0.23289373115829257,3.0877031849940124,0.0,Books
2023-05-29,1.5585500511422217,0.011837530069757043,3.052837839246008,2.0,Books
2023-05-30,1.5892403206893786,0.026321574860491026,2.956242161571098,2.0,Books
2023-05-31,1.657698327664324,0.09483332762849402,3.1240908884359353,1.0,Books
2023-06-01,1.5926981792004962,0.050537160280429594,3.1455835988067102,3.0,Books
2023-06-02,1.6877977194580862,0.16796921851081556,3.1232630282718836,0.0,Books
2023-06-03,1.5429553063054733,0.043212495042974586,3.0719108836455757,2.0,Books
2023-06-04,1.6263275332502114,0.0964938945702617,3.0794494347650927,2.0,Books
2023-06-05,1.4928182271960493,0.10123112684105857,2.9215550870551468,3.0,Books
2023-06-06,1.5160859663344362,0.12105053645563582,2.888590971814855,3.0,Books
2023-06-07,1.5781733032094425,0.02117010220355848,3.0369091710913962,2.0,Books
2023-06-08,1.5078343989245764,0.10177134064373468,2.970999899762084,4.0,Books
2023-06-09,1.5987125072473913,0.22241930675678556,3.0365830551698982,2.0,Books
2023-06-10,1.4506508368586637,-0.01108404149264045,2.8569690526115794,0.0,Books
2023-06-11,1.5319077012533107,0.04015071435733577,2.8667962288820474,1.0,Books
2023-06-12,1.3972346257987411,-0.05873524725343789,2.7414136976980967,2.0,Books
2023-06-13,1.420346897562911,-0.057795076859735346,2.892293549571432,1.0,Books
2023-06-14,1.4832072899732576,0.043774647669438865,2.9862391608276067,0.0,Books
2023-06-15,1.4144728656410852,-0.14973660792676163,2.7923410988709727,2.0,Books
2023-06-16,1.5078126357499562,0.1323460421530839,2.9015822833559612,1.0,Books
2023-06-17,1.3629127395715206,-0.1595777713604001,2.7999627210040448,4.0,Books
2023-06-18,1.4481085381586822,-0.07239100791362814,2.8790866067341674,1.0,Books
2023-06-19,1.3179906613747312,-0.13198204692846283,2.89821877313228,1.0,Books
2023-06-20,1.34633679240913,-0.19463944698738647,2.7058802098299877,1.0,Books
2023-06-21,1.415047546408358,-0.07786624738845596,2.8980399758218356,2.0,Books
2023-06-22,1.3527096428708025,-0.13458113299687355,2.9301624657284893,2.0,Books
2023-06-23,1.453050602878415,0.07248615848727354,2.9574542289119004,0.0,Books
2023-06-24,1.3156348962050795,-0.23852713491839045,2.7893887028705553,0.0,Books
2023-06-25,1.4089095519002928,-0.03993535019990563,2.798844847489229,1.0,Books
2023-06-26,1.287334777702989,-0.2786034930623911,2.776923507293857,1.0,Books
2023-06-27,1.324773809208522,-0.16025012098060154,2.667319522624323,1.0,Books
2023-06-28,1.4030780992636924,-0.04041441394746426,2.819839273961378,3.0,Books
2023-06-29,1.3507644645424535,-0.18333705015021046,2.9236263826811113,0.0,Books
2023-06-30,1.4616049785680454,-0.11455627331040888,2.8919511096739847,3.0,Books
2023-07-01,1.3350128849110516,-0.11029156650322017,2.7421352140796578,2.0,Books
2023-07-02,1.4395012292647966,0.02152497117617161,2.8467998095207854,2.0,Books
2023-07-03,1.3293383032692825,-0.10269697224450887,2.7520295371111123,1.0,Books
2023-07-04,1.3783965730956391,-0.07351218914765255,2.9622179110265545,1.0,Books
2023-07-05,1.4683889455939427,0.018678734616911278,2.879273629024611,2.0,Books
2023-07-06,1.4276623673690167,-0.11323584547295684,2.884593594568086,0.0,Books
2023-07-07,1.5499260395071808,0.06624907347321224,2.945945316530271,1.0,Books
2023-07-08,1.4343307809058004,-0.059366837948280855,2.958795788934199,2.0,Books
2023-07-09,1.5493448121671758,-0.052178923487376946,3.0104183417784207,2.0,Books
2023-07-10,1.4489384704758488,-0.01073264189037757,2.973771649153864,3.0,Books
2023-07-11,1.5068968346391218,-0.012514662589588176,2.9249488987522736,0.0,Books
2023-07-12,1.6047116999965718,0.06488661597336959,3.087647717491936,2.0,Books
2023-07-13,1.5704961155061061,0.0770503983781005,3.0535038072127167,0.0,Books
2023-07-14,1.6978550970174766,0.18701688794748741,3.126867645594762,1.0,Books
2023-07-15,1.5856621521315248,0.07771678698420015,2.9896800837273583,2.0,Books
2023-07-16,1.7023553143765187,0.22999269171061543,3.2731164440216802,1.0,Books
2023-07-17,1.601653482839542,0.1699419912210738,3.1235571328102094,2.0,Books
2023-07-18,1.6573342396230881,0.23527174677377177,3.1184808924948904,0.0,Books
2023-07-19,1.7507820830914085,0.2534819036653041,3.1573127258741107,1.0,Books
2023-07-20,1.7100234438195492,0.17042160846267726,3.1706297926892986,1.0,Books
2023-07-21,1.828738396562767,0.3672356357627848,3.3458920577335456,0.0,Books
2023-07-22,1.7057318051622923,0.2958787097260377,3.0809614127265914,1.0,Books
2023-07-23,1.8096460553564195,0.2732976008028894,3.1888764788055606,1.0,Books
2023-07-24,1.694204520989393,0.33549697108121,3.1901846858617433,2.0,Books
2023-07-25,1.7334492237719201,0.24225591877486347,3.2339987678867583,2.0,Books
2023-07-26,1.808939246364317,0.3500900711855673,3.2981662825009153,3.0,Books
2023-07-27,1.7488995695956222,0.2785267483773086,3.2138997364871646,1.0,Books
2023-07-28,1.847366718166925,0.35212192815714227,3.3180614974927383,4.0,Books
2023-07-29,1.7033472414610606,0.3076594219006162,3.1102605721475762,2.0,Books
2023-07-30,1.7859398430381244,0.3942244002350355,3.3481929356668223,2.0,Books
2023-07-31,1.6490988611546757,0.27447274399183075,3.1659268004186742,1.0,Books
2023-08-01,1.6673250555476813,0.21382134028779298,3.1330729367455756,3.0,Books
2023-08-02,1.7225080850085726,0.16912751819979302,3.1425473596093805,1.0,Books
2023-08-03,1.6431838404879335,0.22703083964430212,3.1621818642078177,2.0,Books
2023-08-04,1.7238096615002474,0.20699742913894872,3.180906903640571,0.0,Books
2023-08-05,1.5636069038366538,0.08100883243358521,3.0120208966159954,3.0,Books
2023-08-06,1.6320904507038685,0.10516443396419833,3.0728214956817683,0.0,Books
2023-08-07,1.4833515183327621,-0.00028479095690742606,3.0831935327188,2.0,Books
2023-08-08,1.4922022601268425,-0.02413760307247263,3.001232763862572,2.0,Books
2023-08-09,1.5406643969457265,0.12619448013009904,2.9325654489907014,4.0,Books
2023-08-10,1.4573385102690428,-0.07824188712497451,2.9486325680383265,1.0,Books
2023-08-11,1.5368136098959086,0.09819677959358601,3.0229465674018394,2.0,Books
2023-08-12,1.3781997868670457,-0.15463687019199368,2.859006733053251,1.0,Books
2023-08-13,1.4510721890954732,-0.021829069430861436,2.9579439039736632,3.0,Books
2023-08-14,1.3092811528063908,-0.14716654206362403,2.8456757033476863,0.0,Books
2023-08-15,1.3275593478624108,-0.13218681440876962,2.752798681912303,1.0,Books
2023-08-16,1.387665789383978,-0.07117168192496115,2.9198991343142175,3.0,Books
2023-08-17,1.317876588373966,-0.12287885172406311,2.7348085798053026,0.0,Books
2023-08-18,1.4125383896291916,0.08151352095018015,2.9005921234802097,3.0,Books
2023-08-19,1.2703003982942005,-0.23975583111666945,2.8288103210762814,0.0,Books
2023-08-20,1.36048162847653,-0.06760469307807107,2.8420439165165887,0.0,Books
2023-08-21,1.2364164488174807,-0.1999037475449995,2.6710131266384085,1.0,Books
2023-08-22,1.2725314132084458,-0.16015890571801616,2.809565999410108,1.0,Books
2023-08-23,1.3501506524321951,-0.1956569159113931,2.7770258540955286,3.0,Books
2023-08-24,1.2971127626444299,-0.08213623801889779,2.699274400064779,0.0,Books
2023-08-25,1.4074713363085887,-0.051316150668360656,2.8802557833878533,1.0,Books
2023-08-26,1.2794280262996183,-0.2824975113775609,2.6732459483352535,2.0,Books
2023-08-27,1.3821231122445983,-0.16499263705973463,2.8184951824691686,3.0,Books
2023-08-28,1.2685148686839742,-0.2252678337767985,2.611765059246353,1.0,Books
2023-08-29,1.3129228804491215,-0.1456568441452546,2.732437802876832,4.0,Books
2023-08-30,1.3964900750802272,-0.10636747728163609,2.8604286989980827,1.0,Books
2023-08-31,1.3469195844424273,-0.10933454257549594,2.865083164978236,0.0,Books
2023-09-01,1.4583149308597951,-0.06972361549792183,2.9702950767417025,0.0,Books
2023-09-02,1.3288056058097912,-0.10598212547527414,2.7218876842467576,2.0,Books
2023-09-03,1.4277515645600645,-0.07251046711493793,2.8871542896825027,1.0,Books
2023-09-04,1.3081464044478963,-0.17517803367344315,2.787520636940392,1.0,Books
2023-09-05,1.3446167912044131,-0.14022278949922398,2.8561826555369536,2.0,Books
2023-09-06,1.4185306701734328,-0.04554743017839412,2.834627232242987,0.0,Books
2023-09-07,1.3578438275434388,-0.14260093211147745,2.8882776696528887,2.0,Books
2023-09-08,1.457069919556978,-0.018030553384360673,2.9514746089356634,1.0,Books
2023-09-09,1.3145894764972739,-0.2415604748043143,2.826773514846053,1.0,Books
2023-09-10,1.4002602019919317,-0.12962916627142307,2.8294902270666182,2.0,Books
2023-09-11,1.2673370210659458,-0.32715186377467814,2.76912963312151,1.0,Books
2023-09-12,1.2909220457187778,-0.2513252210409443,2.771389336175793,0.0,Books
2023-09-13,1.3527149115758037,-0.2342085616318611,2.795701735805073,2.0,Books
2023-09-14,1.2809666114704936,-0.1270092599406938,2.7698290724545904,0.0,Books
2023-09-15,1.3705786304694736,-0.052762486616897177,2.8656447712712576,1.0,Books
2023-09-16,1.2200963463420051,-0.15446474647026592,2.6482072829050867,2.0,Books
2023-09-17,1.2997277838374,-0.15177422445275301,2.716905673344334,2.0,Books
2023-09-18,1.1627847882049007,-0.3654928587705287,2.624370009359988,1.0,Books
2023-09-19,1.1845892722629345,-0.36671124045453124,2.7215251917838876,1.0,Books
2023-09-20,1.2468727487384637,-0.31328395148446425,2.7509791109844692,4.0,Books
2023-09-21,1.1778456386441016,-0.34357869237512834,2.689168091107057,1.0,Books
2023-09-22,1.2724346210867663,-0.14791581034509185,2.7141359589276757,0.0,Books
2023-09-23,1.128970195038616,-0.29628311881394187,2.6865313184891515,1.0,Books
2023-09-24,1.2176240407620478,-0.2504611444274004,2.7093531234875554,0.0,Books
2023-09-25,1.0913815804869031,-0.338268577743158,2.6951728275114464,4.0,Books
2023-09-26,1.125414596979992,-0.39896069683747587,2.676785013715388,1.0,Books
2023-09-27,1.2011396053578307,-0.1958105344612886,2.6338170570376254,2.0,Books
2023-09-28,1.1464115718436694,-0.27037680952317916,2.69455730582401,2.0,Books
2023-09-29,1.2559074645478172,-0.1457965406580545,2.6664794319980065,2.0,Books
2023-09-30,1.1275147995292087,-0.35130827389362956,2.624903326378437,1.0,Books
2023-10-01,1.231193088616046,-0.1998842878448949,2.6501895629603474,0.0,Books
2023-10-02,1.1194817805698734,-0.2615375380561944,2.522486441354108,0.0,Books
2023-10-03,1.1673416586374412,-0.33300452535004305,2.667538068135161,1.0,Books
2023-10-04,1.255872818784164,-0.2870861212200263,2.5922985481213625,2.0,Books
2023-10-05,1.2126319164993258,-0.16358346885497935,2.7647495676336105,0.0,Books
2023-10-06,1.3321594254054554,-0.12896253601770521,2.789838828504572,0.0,Books
2023-10-07,1.2120651473129729,-0.3242949399523007,2.794009524294274,3.0,Books
2023-10-08,1.3223083250193404,-0.1093986173695936,2.7982583543254864,1.0,Books
2023-10-09,1.2152343078351204,-0.12798467033441419,2.7262525808610794,1.0,Books
2023-10-10,1.2658770362863008,-0.18757369124074322,2.636587157387429,1.0,Books
2023-10-11,1.3553281284373313,-0.11019156228657505,2.8232288281536952,3.0,Books
2023-10-12,1.3111685999841685,-0.13832415105073567,2.845749120018634,0.0,Books
2023-10-13,1.428130484091064,-0.11027504741412278,2.8057971779066686,2.0,Books
2023-10-14,1.3038699392437165,-0.09702648752676075,2.759661401906042,1.0,Books
2023-10-15,1.4086569114880536,-0.09777492652479551,2.860559421462336,0.0,Books
2023-10-16,1.294931922034454,-0.18155554100157575,2.7387729720855614,2.0,Books
2023-10-17,1.3380617951615217,-0.12002621583018021,2.736125571919948,1.0,Books
2023-10-18,1.419352989730431,0.04240434967454665,2.8720408659760035,1.0,Books
2023-10-19,1.366592102509917,-0.12165830621037274,2.8425408373318164,2.0,Books
2023-10-20,1.4748374893492577,-0.06487240287588757,2.9608229100456134,1.0,Books
2023-10-21,1.3418770579986605,-0.08365461413473399,2.824616120797727,3.0,Books
2023-10-22,1.4383260878428628,-0.07366324221367096,2.8350776574707774,1.0,Books
2023-10-23,1.3167042970831038,-0.05276208042296067,2.8662157570737685,1.0,Books
2023-10-24,1.352646503264788,-0.09278848122622471,2.8721325435741742,2.0,Books
2023-10-25,1.427563358427961,-0.05557744949429871,2.9923808246673445,2.0,Books
2023-10-26,1.3692951567408853,-0.11982173116729594,2.7969664530742664,3.0,Books
2023-10-27,1.4730391935750546,0.04376531666008281,2.8454099773334436,1.0,Books
2023-10-28,1.3364990134567727,-0.1248886939327471,2.8955468515673557,2.0,Books
2023-10-29,1.4303979773756548,0.04059022362391265,2.8510124161705033,1.0,Books
2023-10-30,1.3070847819737854,-0.18859932549049208,2.7409338629461497,2.0,Books
2023-10-31,1.3422075542048393,-0.19579969787857127,2.745458030600359,0.0,Books
2023-11-01,1.4170305554107585,0.014427958159210415,2.8725971065405105,0.0,Books
2023-11-02,1.3592096577605794,-0.0927210061725949,2.8786000809582615,1.0,Books
2023-11-03,1.4638633462967532,0.0383117052916631,2.955997920380069,2.0,Books
2023-11-04,1.3284206196504598,-0.19200511792980157,2.9011394243999202,3.0,Books
2023-11-05,1.4235565746439873,-0.0313078532003276,2.9484202852112746,0.0,Books
2023-11-06,1.3013315204145592,-0.2089104928211447,2.766552696639619,0.0,Books
2023-11-07,1.3373323635262344,-0.1708059498278446,2.861536726600774,2.0,Books
2023-11-08,1.4126477260225738,-0.15435000262966472,2.7211872328972984,0.0,Books
2023-11-09,1.3547660452195902,-0.2327364396927821,2.7780339023096845,2.0,Books
2023-11-10,1.4587896465937098,-0.1076247146007608,2.9119908438151145,0.0,Books
2023-11-11,1.321979210865793,-0.2685250723675464,2.7357776610825395,4.0,Books
2023-11-12,1.4151078318466084,-0.039782973972005385,2.9439908361328473,0.0,Books
2023-11-13,1.2901288266250945,-0.07512690040720722,2.8170604570825737,2.0,Books
2023-11-14,1.3227783016293961,-0.176727169795074,2.847415661572006,0.0,Books
2023-11-15,1.3942015466532691,-0.09137797206302287,2.8896001241436813,1.0,Books
2023-11-16,1.3319658062241684,-0.1537937729613118,2.7685571461571854,2.0,Books
2023-11-17,1.4314088989460225,-0.10667474659157926,2.816847713555999,1.0,Books
2023-11-18,1.2898714144719696,-0.14349778345559205,2.7467755842857606,1.0,Books
2023-11-19,1.3784603681778318,-0.01248399098338772,2.924204790260698,2.0,Books
2023-11-20,1.249237067319109,-0.2251372423415749,2.818374796849564,2.0,Books
2023-11-21,1.2782727256763726,-0.15558098630630984,2.7914701043003247,3.0,Books
2023-11-22,1.3469187679379784,-0.031274854560166196,2.8574884262593887,1.0,Books
2023-11-23,1.2829279127374478,-0.2813869303720364,2.8213047986719832,0.0,Books
2023-11-24,1.381932195536746,-0.11247275082132337,2.839955799304197,0.0,Books
2023-11-25,1.2413591465479759,-0.21366340336829487,2.6763947553418213,0.0,Books
2023-11-26,1.3326028260304557,-0.14058261004664385,2.78950134209259,1.0,Books
2023-11-27,1.2077311554549983,-0.2696599861287073,2.748804881679972,1.0,Books
2023-11-28,1.2429956634953334,-0.17017554517351144,2.7300293469443853,4.0,Books
2023-11-29,1.3197484542084117,-0.09633622166940421,2.7754270394184886,3.0,Books
2023-11-30,1.2656759753195541,-0.22648380853460728,2.8065132716491865,4.0,Books
2023-12-01,1.3764123386814298,-0.1094159439056333,2.732099002652182,0.0,Books
2023-12-02,1.2491467484618959,-0.18624019087022242,2.693939304721687,2.0,Books
2023-12-03,1.3552103742709314,-0.09299595695673761,2.8649523390271616,3.0,Books
2023-12-04,1.2463125682926959,-0.2149961921739286,2.6619513250987894,3.0,Books
2023-12-05,1.2985148716944077,-0.19849761223016885,2.7056124151075487,1.0,Books
2023-12-06,1.3928052045950439,-0.007889592843545602,2.9117708911213893,1.0,Books
2023-12-07,1.3564550109796754,-0.12466464687680283,2.75843010342911,0.0,Books
2023-12-08,1.4847783980884197,-0.010050297239042712,2.952454804638744,2.0,Books
2023-12-09,1.3744408634055694,-0.08460381448134044,2.824324830273768,4.0,Books
2023-12-10,1.496471287873394,0.0027798666100573425,2.8867183318441105,1.0,Books
2023-12-11,1.4020352791281212,-0.14175938639648986,2.868557957351186,1.0,Books
2023-12-12,1.4668803861493271,-0.04577171688527895,2.9632635230766815,1.0,Books
2023-12-13,1.5715729493558235,0.04292438676958117,3.0069546275609924,1.0,Books
2023-12-14,1.5429823730602907,0.10842729358494321,2.976594735279049,0.0,Books
2023-12-15,1.6761880141306291,0.2664990642679879,3.138575265145316,2.0,Books
2023-12-16,1.5674892331930124,0.036964272275534234,3.0169413850304347,1.0,Books
2023-12-17,1.6878405957638745,0.1444558227793775,3.2115600574872776,1.0,Books
2023-12-18,1.5881585119607233,0.12588747449435475,3.0783800215307373,1.0,Books
2023-12-19,1.6442319856852303,0.19620804433024575,3.0351852405146196,1.0,Books
2023-12-20,1.7366147311204816,0.2524453443754373,3.2462742436551095,2.0,Books
2023-12-21,1.6922276319068128,0.2513550625012097,3.1649057585659595,2.0,Books
2023-12-22,1.806403107571465,0.31013452344347814,3.3249876751389396,1.0,Books
2023-12-23,1.6755851414655276,0.2794336352592594,3.1689445951519795,2.0,Books
2023-12-24,1.7711755527279252,0.295759600131698,3.3099602216697854,0.0,Books
2023-12-25,1.644361315905873,0.16391795725969194,3.0690005855205285,2.0,Books
2023-12-26,1.6714780744669098,0.20841776917832372,3.167786458851886,0.0,Books
2023-12-27,1.733544932534972,0.35648620696317035,3.119788622815764,6.0,Books
2023-12-28,1.6579730191534945,0.20422951644125334,3.111995611023834,2.0,Books
2023-12-29,1.7407360797482334,0.2575747360106273,3.1546436250501886,2.0,Books
2023-12-30,1.578750356577739,0.12146014988702784,2.9735080639729534,0.0,Books
2023-12-31,1.6441232074155658,0.15040256063939944,3.0780354577895173,4.0,Books
2024-01-01,1.488494017259195,0.11332316383432654,3.1618482299136166,1.0,Books
2024-01-02,1.4888452188424306,0.05933428885196208,2.9225992214859517,1.0,Books
2024-01-03,1.526676480336196,0.08102392489323951,2.884179079589697,3.0,Books
2024-01-04,1.4298181682245745,0.05917806564343788,2.879634904932572,1.0,Books
2024-01-05,1.494729072702627,0.0807511495869974,3.0313618124163018,6.0,Books
2024-01-06,1.3185591514065,-0.12867029124378332,2.6966788687394785,1.0,Books
2024-01-07,1.373805538119584,-0.03199246866875151,2.819880345535748,0.0,Books
2024-01-08,1.212174002414786,-0.2998252291726358,2.7103681334647227,1.0,Books
2024-01-09,1.2108461720243788,-0.2115375395534752,2.7291492760668765,2.0,Books
2024-01-10,1.2513033347611877,-0.17960898380081858,2.805664006629761,0.0,Books
2024-01-11,1.1612562851644204,-0.27039431417606524,2.6791330783431393,0.0,Books
2024-01-12,1.2370826453170305,-0.21337756398237087,2.7280462705256,2.0,Books
2024-01-13,1.0755855966517534,-0.42368155324041235,2.762524411351979,0.0,Books
2024-01-14,1.1490707343725142,-0.4215818434023109,2.5334938730421874,1.0,Books
2024-01-15,1.0087415239861235,-0.5449856932803626,2.466908096939808,1.0,Books
2024-01-16,1.0314358286794414,-0.374934400215056,2.561754269895974,0.0,Books
2024-01-17,1.0981117563620069,-0.3864910472456708,2.6212933958512545,1.0,Books
2024-01-18,1.0359053382525187,-0.4493580958513754,2.4942840486639,1.0,Books
2024-01-19,1.140717629499272,-0.3798775366272767,2.6393016947016217,1.0,Books
2024-01-20,1.0086781009926373,-0.5270145502551451,2.39830211001441,0.0,Books
2024-01-21,1.111649291458047,-0.37476706284074607,2.530716800830417,2.0,Books
2024-01-22,1.000161331015642,-0.5684929687817218,2.528636730593059,2.0,Books
2024-01-23,1.0506208497649665,-0.4669622479893678,2.577352766334952,1.0,Books
2024-01-24,1.1434598924816617,-0.3075354480986,2.581535581617868,1.0,Books
2024-01-25,1.1053203918480667,-0.2330706357227606,2.5113505017889084,2.0,Books
2024-01-26,1.2317879987705866,-0.37294169034650065,2.7011533779522163,1.0,Books
2024-01-27,1.1185551702057444,-0.4106677393757327,2.6019084882187764,1.0,Books
2024-01-28,1.2373468882030556,-0.2600742722654199,2.6699823192657752,3.0,Books
2024-01-29,1.1383859443714646,-0.35487399649102735,2.577814855508782,2.0,Books
2024-01-30,1.1980645785788806,-0.2787257278619512,2.525531771261815,2.0,Books
2024-01-31,1.2967457270624674,-0.05806521437878283,2.8647501627008047,2.0,Books
2024-02-01,1.2610627602805518,-0.18132046859442158,2.785719787767232,1.0,Books
2024-02-02,1.3867880212430077,-0.072513457623978,2.9143367255643264,0.0,Books
2024-02-03,1.2696834078933519,-0.25989689387798703,2.7028941528652637,1.0,Books
2024-02-04,1.3818350915528914,-0.09781812988971841,2.845391798583493,1.0,Books
2024-02-05,1.273637932384935,-0.12697862335764218,2.76206885593299,1.0,Books
2024-02-06,1.3219189449079074,-0.09672760672018017,2.7089380565382233,2.0,Books
2024-02-07,1.4073809669625612,-0.035011452852920795,2.902984567476456,0.0,Books
2024-02-08,1.3570089748470782,-0.1401711939783515,2.851701372775709,1.0,Books
2024-02-09,1.4670660650856588,0.018046629960599924,2.9104411843171922,2.0,Books
2024-02-10,1.3336258465567443,-0.06360082791631012,2.797055081113977,3.0,Books
2024-02-11,1.4293121651163938,-0.01556393818127766,2.9425393634025965,1.0,Books
2024-02-12,1.3048004136376998,-0.15283390157555504,2.7736805319161912,0.0,Books
2024-02-13,1.3373923618027557,-0.14176697831419666,2.7475044940465954,3.0,Books
2024-02-14,1.4081035268386206,-0.19355167832663567,2.8393661608195555,4.0,Books
2024-02-15,1.344179013859203,-0.15882083957953802,2.820252750727363,1.0,Books
2024-02-16,1.4422214366038144,0.040980285726583,2.9034612405280167,2.0,Books
2024-02-17,1.2984110039591257,-0.20622422224385834,2.76797882178728,3.0,Books
2024-02-18,1.3856573326634185,-0.04773224837307853,2.868718626384276,0.0,Books
2024-02-19,1.254625710036065,-0.28749269586900056,2.711603185267176,0.0,Books
2024-02-20,1.2827720813736945,-0.2103921255278178,2.7546628348442104,0.0,Books
2024-02-21,1.3510833952791272,-0.15036283088290434,2.7135126860519594,0.0,Books
2024-02-22,1.2867124584694385,-0.26784326599373776,2.6764620980502114,1.0,Books
2024-02-23,1.3862472390547564,-0.007418785275625564,2.9220449094401104,0.0,Books
2024-02-24,1.2456277923116668,-0.26919563816280845,2.795668541857446,4.0,Books
2024-02-25,1.3377187654936065,-0.0934643926848308,2.8189270405159363,3.0,Books
2024-02-26,1.2128684628935478,-0.21829063543637747,2.7874252246234974,1.0,Books
2024-02-27,1.248410890201355,-0.2675899756278604,2.6462094345083136,0.0,Books
2024-02-28,1.325064867661627,-0.11653654021822192,2.8027878902284975,1.0,Books
2024-02-29,1.269692460644415,-0.23485274355554395,2.6472416758239605,2.0,Books
2024-03-01,1.3787129101429294,0.027630459601369627,2.819383844688287,0.0,Books
2024-03-02,1.2477182799822746,-0.2541801182265515,2.700974997455404,2.0,Books
2024-03-03,1.349467168217278,-0.10476349707174515,2.8341354561494083,2.0,Books
2024-03-04,1.233975754545822,-0.21414571155615386,2.694262537295853,3.0,Books
2024-03-05,1.2784848195801024,-0.1438767765299878,2.716452632816913,0.0,Books
2024-03-06,1.3635143873689253,-0.15477530823529484,2.8635910073362476,2.0,Books
2024-03-07,1.3157414736732158,-0.12685581975481997,2.8161379038654,2.0,Books
2024-03-08,1.4315535287035468,-0.029681117581167777,2.9081128258079185,1.0,Books
2024-03-09,1.3063570169586043,-0.23621125962592035,2.7236111627221815,0.0,Books
2024-03-10,1.412986070310026,-0.10835924944379595,2.7847466682343214,3.0,Books
2024-03-11,1.3013189827652192,-0.11480712516418934,2.819296129058736,0.0,Books
2024-03-12,1.3487036077737682,-0.04894830592845345,2.826722481095723,0.0,Books
2024-03-13,1.4356610747225622,0.19728857460659535,2.9115304336071945,3.0,Books
2024-03-14,1.3888767347915139,-0.03765599228989654,2.901589271712921,2.0,Books
2024-03-15,1.5048875081675837,0.12008515075773592,2.965812669879404,4.0,Books
2024-03-16,1.3790784579153987,-0.09686792307398297,2.8057963067632654,0.0,Books
2024-03-17,1.4845022458816504,-0.0028445695797848737,2.967865436384231,2.0,Books
2024-03-18,1.371017839001524,-0.1511915521470259,2.8278060543651105,2.0,Books
2024-03-19,1.4161720216074973,-0.06774170850519932,2.8768517324643317,1.0,Books
2024-03-20,1.5005509359053153,0.06736932796653577,3.0249192806989265,1.0,Books
2024-03-21,1.450883991956107,-0.05489361808973855,2.8670970330320054,0.0,Books
2024-03-22,1.5638658757149924,0.04406045014362521,2.9771149268542145,2.0,Books
2024-03-23,1.4348428043655137,-0.03382138069285197,2.9120237638685196,1.0,Books
2024-03-24,1.5370453158704938,0.20607459687674354,2.973049814892093,1.0,Books
2024-03-25,1.4202524486714736,-0.1412490237356166,2.77819271495938,1.0,Books
2024-03-26,1.4621332278196224,0.08672658289969597,2.863518319945496,2.0,Books
2024-03-27,1.543250334400054,0.06935779331711732,3.05901208132832,5.0,Books
2024-03-28,1.4902815690175584,0.13379100630494356,3.013740152391521,0.0,Books
2024-03-29,1.599981226066711,0.12734628442145915,3.0735067860923007,0.0,Books
2024-03-30,1.4675606832070258,-0.05233825356371117,2.8306724498731306,1.0,Books
2024-03-31,1.566338960597689,0.02293087205809453,2.9334301276541246,1.0,Books
2024-04-01,1.4459364394914516,0.004663936200978785,2.9176523656249684,1.0,Books
2024-04-02,1.484079878213814,-0.031840809567348236,2.9420410655845757,0.0,Books
2024-04-03,1.561261137275493,-0.006402237822207795,3.099494053212311,5.0,Books
2024-04-04,1.5040783972463645,0.037056196623472815,3.0032880803565125,3.0,Books
2024-04-05,1.6093383024845311,0.10652640934154292,3.034201275632072,5.0,Books
2024-04-06,1.4721314477290308,-0.011151045056569274,2.9645451791733306,3.0,Books
2024-04-07,1.565900414543363,0.035383334670284934,2.9709316559900834,2.0,Books
2024-04-08,1.4401618962800926,0.013722115982433827,2.9512112229954095,1.0,Books
2024-04-09,1.4727733132870595,0.06131729092098257,2.99267091809673,2.0,Books
2024-04-10,1.5442439359761124,0.1289082946092828,2.944576303862025,0.0,Books
2024-04-11,1.481192564668256,0.010080567037744268,2.9510036252859524,1.0,Books
2024-04-12,1.5805866322464501,0.19719485020534916,2.9860418126200683,1.0,Books
2024-04-13,1.437508390592609,-0.06791547710134357,2.929061314345825,1.0,Books
2024-04-14,1.5256359849920733,-0.05904257065536966,2.983113427173444,0.0,Books
2024-04-15,1.3944894581552316,-0.034131158673935395,2.7764157920544945,0.0,Books
2024-04-16,1.42215450440707,-0.10020921496876264,2.919275148889043,1.0,Books
2024-04-17,1.4892417522061756,0.0012826729549781602,3.04893830687223,0.0,Books
2024-04-18,1.4224570361085351,0.0025659931889991943,2.9728995242356553,1.0,Books
2024-04-19,1.5189740920112063,0.015349016410553555,3.045032970440588,1.0,Books
2024-04-20,1.3738887003959435,-0.12098246996426398,2.8956246321318293,0.0,Books
2024-04-21,1.4611107779807855,-0.19492935581951895,2.9448887847245278,1.0,Books
2024-04-22,1.3301330387635781,-0.09161385675332351,2.783179407127131,3.0,Books
2024-04-23,1.3592115146350732,-0.11359269897689721,2.8310874986892376,2.0,Books
2024-04-24,1.428973497995718,-0.1040923968353733,2.8563755098911803,1.0,Books
2024-04-25,1.3661017755467313,-0.15719279146797405,2.8326041122691414,2.0,Books
2024-04-26,1.4678431230665416,-0.0687955772013213,2.998277685854132,1.0,Books
2024-04-27,1.3291533908948017,-0.11975338109729004,2.7535936601887276,2.0,Books
2024-04-28,1.4240042936069186,-0.10910278096081345,2.8052267212248085,1.0,Books
2024-04-29,1.301678998010027,-0.13785284886403185,2.83848278984231,2.0,Books
2024-04-30,1.3404141448881024,-0.1323041372281864,2.778588717691922,2.0,Books
2024-05-01,1.4206615110313674,-0.04480768957470327,2.739914378244683,1.0,Books
2024-05-02,1.3688914384240511,-0.11126519947891786,2.815809038092003,0.0,Books
2024-05-03,1.4822423797258886,-0.06838757602533684,3.0288543543886886,2.0,Books
2024-05-04,1.3553620369001815,-0.2213500650202174,2.7328593110484776,1.0,Books
2024-05-05,1.4621336654924053,0.04072772102697827,2.9081995540352534,1.0,Books
2024-05-06,1.3515029660189293,-0.21079720722527187,2.7648256125378707,1.0,Books
2024-05-07,1.4015854110092154,-0.05555489109684144,2.9560799895005703,0.0,Books
2024-05-08,1.4925847421289347,0.09771522507476253,2.983241299717836,3.0,Books
2024-05-09,1.4507179274860962,0.06528275586758106,2.896845515614531,2.0,Books
2024-05-10,1.5730072358691602,0.09076863557951087,2.9895386886632584,2.0,Books
2024-05-11,1.4538180060844452,0.07856772738566183,2.9184531849981767,1.0,Books
2024-05-12,1.5670041244521609,0.10530422228054151,3.007922969456798,2.0,Books
2024-05-13,1.461264967819026,-0.06705434644614214,2.88022832524885,2.0,Books
2024-05-14,1.5147159099581156,0.05947019400641755,2.9147483054848813,1.0,Books
2024-05-15,1.6074607158511245,0.17819026400968282,3.135858238447971,2.0,Books
2024-05-16,1.5656343634040277,0.13433520355693987,2.945917475912461,4.0,Books
2024-05-17,1.686333364681137,0.18469880453786627,3.1250198565773406,1.0,Books
2024-05-18,1.563845391672552,0.09321229578136199,3.0924282809236523,1.0,Books
2024-05-19,1.6722088005477742,0.27717171799719786,3.1184778353303972,1.0,Books
2024-05-20,1.5600942962468562,0.08243166996917183,2.956747106150753,1.0,Books
2024-05-21,1.6058332400664463,0.10774898326444658,3.0962649099253303,1.0,Books
2024-05-22,1.6896386698933963,0.33645237252795146,3.164809449824446,2.0,Books
2024-05-23,1.6377609724326623,0.13867708670466505,3.028379303700508,2.0,Books
2024-05-24,1.7475518364486924,0.2688444008076678,3.0990109125502068,3.0,Books
2024-05-25,1.6133816484623036,0.19608471086696158,3.123844618211661,3.0,Books
2024-05-26,1.709609614004896,0.2232605044855895,3.1058250877180087,1.0,Books
2024-05-27,1.5849874262269492,0.14245578160102168,2.9816746119215676,1.0,Books
2024-05-28,1.6181434518105,0.22953323798461564,3.0180037016269483,1.0,Books
2024-05-29,1.6894512950244536,0.2516039104961352,3.145700722904365,0.0,Books
2024-05-30,1.6252980932147014,0.24667774696257794,3.1901325787694796,4.0,Books
2024-05-31,1.7232827201239298,0.3124762388102067,3.1499374684109798,0.0,Books
2024-06-01,1.5778223782773249,0.16407163717164835,2.9911031879297676,1.0,Books
2024-06-02,1.663535491877144,0.2826550607573627,3.2073663001630126,2.0,Books
2024-06-03,1.529170217374361,0.11571494270994419,2.947913951755558,3.0,Books
2024-06-04,1.5535479065557014,0.06922840157684934,2.9691835643413658,3.0,Books
2024-06-05,1.6170830539516734,0.12130455842895056,3.1098314237787394,0.0,Books
2024-06-06,1.5461683638674713,0.12133127965020139,3.025931263018889,3.0,Books
2024-06-07,1.6385115208124554,0.1724712428334845,3.052345837624732,0.0,Books
2024-06-08,1.488435320838267,-0.023153315039733183,2.8797128338346183,1.0,Books
2024-06-09,1.5706775613975845,0.2596322722780723,3.0727260234186935,0.0,Books
2024-06-10,1.4338483657816563,-0.034354430252752796,2.9210245637350134,1.0,Books
2024-06-11,1.4568365161749848,-0.022801975076196072,2.926019324008304,2.0,Books
2024-06-12,1.5199838855424808,0.09179638484943373,2.9830479610523155,1.0,Books
2024-06-13,1.4495897927202734,-0.03876612520484575,2.919729642141453,4.0,Books
2024-06-14,1.5433881983741486,0.12481310583227923,3.0337062331083713,2.0,Books
2024-06-15,1.3955425267735337,-0.00928616975399678,2.804177080887871,0.0,Books
2024-06-16,1.4808629713817423,-0.04494421245650647,2.8877568873055055,1.0,Books
2024-06-17,1.3477923220315753,-0.0831768460654874,2.8661752187944893,1.0,Books
2024-06-18,1.3752741504752852,-0.12433475850112402,2.8983342646286903,0.0,Books
2024-06-19,1.4435800580173426,-0.013058922885876357,2.9897183722856826,1.0,Books
2024-06-20,1.3789310692548018,-0.22694398311341957,2.8283701626406557,2.0,Books
2024-06-21,1.4791125196756347,0.011401098008989193,2.944732476930987,4.0,Books
2024-06-22,1.338160461170345,-0.12738679162926286,2.763963250766392,0.0,Books
2024-06-23,1.4309930284399184,0.0860944215400362,2.9732996262681417,1.0,Books
2024-06-24,1.3059213009276345,-0.15508340597284673,2.77249678013533,2.0,Books
2024-06-25,1.341975898930227,-0.10312979247543728,2.8366419804476304,1.0,Books
2024-06-26,1.4193837697702816,0.04943903176068354,2.786465750553095,1.0,Books
2024-06-27,1.364303642930064,-0.1710110793260908,2.8590758245524013,0.0,Books
2024-06-28,1.4745760565656318,-0.03497695053187624,3.013012047971985,2.0,Books
2024-06-29,1.3440993298903716,-0.12127384285687762,2.8791582657304717,2.0,Books
2024-06-30,1.4478736028061927,-0.029074738070479843,2.9568527370723845,1.0,Books
2024-07-01,1.3340360464852083,-0.03903681280173865,2.8838964077725904,1.0,Books
2024-07-02,1.3816459336583624,-0.0734654826528916,2.9501309069282096,3.0,Books
2024-07-03,1.4708117988851657,0.03721755329890327,3.0561218456366337,2.0,Books
2024-07-04,1.427542557883497,0.021749530968702503,2.855459532768773,1.0,Books
2024-07-05,1.5496350101301382,0.07271165878629161,2.9932973318565392,2.0,Books
2024-07-06,1.4307423909426131,-0.009317142850411072,2.7424048199803153,0.0,Books
2024-07-07,1.5458346875620816,-0.020830500964396557,2.999563382455948,4.0,Books
2024-07-08,1.4427622848104402,0.011669500196899737,2.9605704425024992,0.0,Books
2024-07-09,1.5005039505836075,0.06812210894971021,2.9064591754672136,3.0,Books
2024-07-10,1.5989490228439085,0.08319141078385575,3.0823158399990445,2.0,Books
2024-07-11,1.5638689003814772,0.0377269996568713,3.122691455034606,1.0,Books
2024-07-12,1.692946621798328,0.23653315976749745,3.1327964459897024,2.0,Books
2024-07-13,1.5795423254893979,0.06989125550258793,3.0060886267607647,1.0,Books
2024-07-14,1.6985737370932636,0.25566582138015687,3.1349868318621192,0.0,Books
2024-07-15,1.5976115603430918,0.14661076046823737,3.1295242265801493,3.0,Books
2024-07-16,1.6555929641005673,0.17683474586039283,3.05950479835137,4.0,Books
2024-07-17,1.7522605395713071,0.36647995982764087,3.2229771991590135,1.0,Books
2024-07-18,1.7132549665005896,0.3078386350325025,3.1930291637207655,2.0,Books
2024-07-19,1.8362864627653885,0.3374430563270468,3.2758484565881765,3.0,Books
2024-07-20,1.7145958967063113,0.27202772412504167,3.2143846498889452,1.0,Books
2024-07-21,1.823253131449021,0.35114539936830363,3.372796687651642,3.0,Books
2024-07-22,1.709780811282895,0.2330255402510422,3.1303086537775813,6.0,Books
2024-07-23,1.753329021794843,0.16677430566210272,3.2019924486074256,2.0,Books
2024-07-24,1.8337657983554088,0.4016573418224084,3.283591982778208,1.0,Books
2024-07-25,1.776884976416664,0.22324062010589116,3.281964636878755,0.0,Books
2024-07-26,1.8807128932514785,0.3922152832607551,3.447679665639039,3.0,Books
2024-07-27,1.738658075675767,0.21735086294777015,3.1913645239620427,1.0,Books
2024-07-28,1.8262200931624548,0.3994971598893643,3.3270246132120103,1.0,Books
2024-07-29,1.6911343218040116,0.20446889496066756,3.0698884878251396,1.0,Books
2024-07-30,1.7130004988595002,0.2023163757345597,3.124669190813237,2.0,Books
2024-07-31,1.7720178543267477,0.22863915595115925,3.2857370503050913,1.0,Books
2024-08-01,1.6943017746612,0.3039816425317034,3.201279462550596,1.0,Books
2024-08-02,1.7783201401485556,0.28624200179304554,3.2713030349541903,0.0,Books
2024-08-03,1.617726905940466,0.20168588553682296,3.1414597734905625,2.0,Books
2024-08-04,1.688477874696484,0.24788017401525103,3.1203087158521465,2.0,Books
2024-08-05,1.5384940729056982,0.07774734542428216,2.9839112071396707,2.0,Books
2024-08-06,1.5477431584309702,0.0040849165370673715,3.028534045743341,0.0,Books
2024-08-07,1.5966195225384912,0.12418122100810648,2.9539950801676,3.0,Books
2024-08-08,1.511371530453535,0.17655286961065597,2.9558178377033024,1.0,Books
2024-08-09,1.5906706621380209,0.10306235947214369,3.1093144046157386,2.0,Books
2024-08-10,1.4281335076430968,-0.02859909463161261,2.8362149310031146,4.0,Books
2024-08-11,1.4998502434797554,0.11426330742686218,3.118760614993643,0.0,Books
2024-08-12,1.3535735419873027,-0.0886063852896515,2.9428756813125148,2.0,Books
2024-08-13,1.3692607282000928,-0.23341069490698613,2.8290605962121393,1.0,Books
2024-08-14,1.4271075335740744,0.033977512349094,2.8822664946863727,1.0,Books
2024-08-15,1.353095163564885,-0.10947971844575581,2.8056485710257024,0.0,Books
2024-08-16,1.4457018256723266,-0.13942838773397753,2.8591503109853362,0.0,Books
2024-08-17,1.2981228080800198,-0.09501217794287135,2.769603661635605,0.0,Books
2024-08-18,1.3862211589691358,-0.01604097630658687,2.859424296269965,0.0,Books
2024-08-19,1.2572512041119397,-0.16308315577811003,2.7617899308678058,0.0,Books
2024-08-20,1.2908698577025381,-0.17602885872318275,2.7147210288409305,5.0,Books
2024-08-21,1.3668315300496428,-0.05845818439602806,2.8087967470552786,2.0,Books
2024-08-22,1.3106614116749633,-0.12299951109193034,2.7245273652204407,0.0,Books
2024-08-23,1.4205144823084808,0.042012584355044215,2.9529357394494804,2.0,Books
2024-08-24,1.2890973206195084,-0.17048781974429036,2.7889878991285033,2.0,Books
2024-08-25,1.3920430756854099,0.03609510541604679,2.9130600785943046,2.0,Books
2024-08-26,1.2761700516866512,-0.1632435075345226,2.6142233889714084,2.0,Books
2024-08-27,1.320960972858252,-0.036984026619563196,2.833024238674007,1.0,Books
2024-08-28,1.4059162027758554,0.03387262171129306,2.882849133646124,2.0,Books
2024-08-29,1.3563488208470311,-0.17004177112790686,2.6917874953395247,2.0,Books
2024-08-30,1.4703852104233772,-0.13053692676493742,2.880239139132836,3.0,Books
2024-08-31,1.3405813649403322,-0.2596344002731759,2.7277267865219885,0.0,Books
2024-09-01,1.4427137660001614,0.013828949314519811,2.9939232027457776,1.0,Books
2024-09-02,1.3235637131696871,-0.2596412189449385,2.7731115553723646,0.0,Books
2024-09-03,1.3628545257357012,-0.13033516652950988,2.8858602248260747,1.0,Books
2024-09-04,1.440252622364615,-0.04593170785356044,2.885426408925224,2.0,Books
2024-09-05,1.3812737794746226,-0.06665118566388867,2.8811883744515994,2.0,Books
2024-09-06,1.4844148090096299,0.04174223045209295,2.918097306686965,3.0,Books
2024-09-07,1.3424542709231995,-0.029594245891925185,2.8070681476543142,1.0,Books
2024-09-08,1.4316498359212149,0.03305394310317442,2.9288571784023296,1.0,Books
2024-09-09,1.299039858096524,-0.13546115755461458,2.73088293123693,1.0,Books
2024-09-10,1.324831158365209,-0.21645183628168968,2.7304344590617866,1.0,Books
2024-09-11,1.389041953494538,0.04069043070117412,2.7982611522395318,3.0,Books
2024-09-12,1.3175147903760418,-0.1831321799709341,2.8282867147768007,0.0,Books
2024-09-13,1.4091764328173082,-0.08175797299979808,2.989257162325144,0.0,Books
2024-09-14,1.2570218013466266,-0.2869208568479073,2.602745662011972,2.0,Books
2024-09-15,1.337718373182184,-0.08877180853169679,2.86967370994579,2.0,Books
2024-09-16,1.1984272646751104,-0.21920402197936464,2.7513297787394153,1.0,Books
2024-09-17,1.2196455137744462,-0.29470302169413903,2.6114636881265216,0.0,Books
2024-09-18,1.2814963170350469,-0.19582055723919134,2.792310425720293,1.0,Books
2024-09-19,1.2098554884002406,-0.29417489467648805,2.633215736907246,0.0,Books
2024-09-20,1.3037476043816483,-0.380570524125738,2.785008736689078,1.0,Books
2024-09-21,1.1560221993588222,-0.2651347704746163,2.6593499459502365,3.0,Books
2024-09-22,1.2433749612143856,-0.20724076946256673,2.5846667647176016,1.0,Books
2024-09-23,1.1126985441167003,-0.38983451925434115,2.5313958957133464,1.0,Books
2024-09-24,1.144389752323461,-0.36741136868836055,2.577458733608542,1.0,Books
2024-09-25,1.2182973845952003,-0.1602338341781956,2.6746545756509454,1.0,Books
2024-09-26,1.1599721330611807,-0.3096777290035534,2.600961730009671,2.0,Books
2024-09-27,1.2682082490334092,-0.18458376694033976,2.7473758996168884,1.0,Books
2024-09-28,1.1354203523064041,-0.306452900177996,2.5054395705305392,3.0,Books
2024-09-29,1.2380886529231125,-0.1875364044971713,2.7552034930873046,2.0,Books
2024-09-30,1.1226454047224468,-0.3892691788088764,2.545095062155731,1.0,Books
2024-10-01,1.169251426602341,-0.3351941595393043,2.5897384949242634,3.0,Books
2024-10-02,1.257404403864713,-0.2805315106777917,2.683702941548104,1.0,Books
2024-10-03,1.2123134228667372,-0.3159452198885647,2.564326306996288,0.0,Books
2024-10-04,1.3325856790039299,-0.12383516640805328,2.8681892867937373,1.0,Books
2024-10-05,1.210301774363128,-0.2566065399296083,2.6557954327539033,1.0,Books
2024-10-06,1.3218812662153385,-0.1370849763872944,2.675670677863986,0.0,Books
2024-10-07,1.2134996058501935,-0.23373804960622033,2.6424535384054795,2.0,Books
2024-10-08,1.265327544168335,-0.3298831309907083,2.77146780390084,1.0,Books
2024-10-09,1.3567923337243377,-0.13537140039175094,2.7709828063300828,1.0,Books
2024-10-10,1.3130684647931252,-0.21777285595278448,2.775097315593922,0.0,Books
2024-10-11,1.4329003519105101,-0.05026941058502431,2.9887118948247346,0.0,Books
2024-10-12,1.3083666925585802,-0.29927159322881297,2.84460926460791,0.0,Books
2024-10-13,1.4161568258750876,-0.01499770805636508,2.852420942609292,3.0,Books
2024-10-14,1.3025088266161489,-0.16251002100933848,2.8726131963291692,2.0,Books
2024-10-15,1.3479029198469505,-0.1201362229105438,2.6753171333249957,2.0,Books
2024-10-16,1.4319674172521204,0.027379196577140393,2.903628287187936,1.0,Books
2024-10-17,1.3800784288286045,-0.025357897872929348,2.8095732162676614,2.0,Books
2024-10-18,1.4913124459202494,-0.01137963268083466,2.9226542563030566,2.0,Books
2024-10-19,1.3578949911401033,0.037033526200538895,2.886840583702296,1.0,Books
2024-10-20,1.456884458891794,0.009994555722971775,2.864510538599913,2.0,Books
2024-10-21,1.3346295634857612,-0.1155649493581407,2.8129841405191156,1.0,Books
2024-10-22,1.371916529909416,-0.07828418791653671,2.8178022333873876,2.0,Books
2024-10-23,1.4485210932630919,-0.006315158615175103,2.804652525401929,0.0,Books
2024-10-24,1.389920024380715,-0.04826482488926216,2.8088222786071544,1.0,Books
2024-10-25,1.4953778599633294,0.02108437693207361,2.8397677975365756,2.0,Books
2024-10-26,1.3570853677180197,-0.13362263441458982,2.9324326031573187,0.0,Books
2024-10-27,1.4522574894781786,-0.048500973785729325,2.901045436995057,4.0,Books
2024-10-28,1.3271176521394097,-0.12330202012705282,2.77599777392209,1.0,Books
2024-10-29,1.3625068959807396,-0.1674175878070016,2.864758384058709,1.0,Books
2024-10-30,1.4380904972525888,-0.018865695463403297,2.9592614081648643,4.0,Books
2024-10-31,1.3791900004743285,-0.02529077723296102,2.902956839262271,1.0,Books
2024-11-01,1.4850126516041435,-0.12131691884804564,2.903518760590977,2.0,Books
2024-11-02,1.3474878322979023,-0.07433856382940478,2.7835002709521963,0.0,Books
2024-11-03,1.443786604570023,0.0068797967390762,2.9644662249884597,0.0,Books
2024-11-04,1.3198394953621029,-0.10357259387583626,2.759956056428804,2.0,Books
2024-11-05,1.3564130787736277,-0.057479408340564864,2.7435041971773093,3.0,Books
2024-11-06,1.4329754703830149,0.14971861530383976,2.943924776515825,0.0,Books
2024-11-07,1.3746517120073136,-0.07580393156534591,2.737125285317824,1.0,Books
2024-11-08,1.4805972582764493,0.06869560334436361,2.916857930633289,2.0,Books
2024-11-09,1.3425321877292802,-0.152019343239784,2.8292967532132423,3.0,Books
2024-11-10,1.437680613685311,0.06093305395524236,2.928008028711388,2.0,Books
2024-11-11,1.3118187108332902,-0.13176590532862179,2.799374092749998,0.0,Books
2024-11-12,1.3458141160973,-0.09291849179080665,2.768124261135746,1.0,Books
2024-11-13,1.4191443917888094,-0.006534781982648092,2.90926150881683,0.0,Books
2024-11-14,1.356968767760393,-0.13132754446841172,2.830991185368668,1.0,Books
2024-11-15,1.4586378041875563,-0.07079689757504466,2.9262850636767928,3.0,Books
2024-11-16,1.3159168585631185,-0.10296320409884607,2.682215296561651,2.0,Books
2024-11-17,1.4063364580105917,0.04193796828477306,2.9573183367494944,1.0,Books
2024-11-18,1.2757615530915518,-0.1389904988222977,2.636538164425281,2.0,Books
2024-11-19,1.3053848921285411,-0.2402041572229561,2.7550424584007365,1.0,Books
2024-11-20,1.3748900548271046,-0.1384975881815026,2.875731011194462,0.0,Books
2024-11-21,1.3096318668925084,-0.20094953221832573,2.7820798229775634,0.0,Books
2024-11-22,1.4092755154162722,-0.020745117075529847,2.829962350313004,2.0,Books
2024-11-23,1.265703731323903,-0.241032855681225,2.621482001186038,0.0,Books
2024-11-24,1.356773954803251,-0.12497758187565394,2.888627567295786,3.0,Books
2024-11-25,1.228406170314395,-0.24447089249490958,2.8211487947636495,1.0,Books
2024-11-26,1.2620292374031044,-0.3382136382347248,2.6450718217525098,2.0,Books
2024-11-27,1.3373891666007134,-0.17281682183886812,2.7691522330018317,0.0,Books
2024-11-28,1.2798405776033377,-0.25858717255437563,2.68090204288894,4.0,Books
2024-11-29,1.3891192982132716,-0.06116708419261706,2.799870195174879,1.0,Books
2024-11-30,1.2569388643239303,-0.3448120797455039,2.7094427721761987,0.0,Books
2024-12-01,1.3611615157086012,-0.05950003941020672,2.9258707788616123,1.0,Books
2024-12-02,1.2474129050138523,-0.26482774833163214,2.7269097569728267,1.0,Books
2024-12-03,1.2969907147405433,-0.12160665762073176,2.727304241139,0.0,Books
2024-12-04,1.3893282903348794,-0.10106534782391209,2.862307070138767,0.0,Books
2024-12-05,1.3494077642490085,-0.2195223051450687,2.7689216241724175,2.0,Books
2024-12-06,1.4766769719419883,0.07960370702819983,2.9798576128354286,1.0,Books
2024-12-07,1.3623460076344067,-0.09038553053536202,2.7914861978316265,1.0,Books
2024-12-08,1.483982385553156,-0.016531398932281716,2.998827055313448,3.0,Books
2024-12-09,1.3866622541301605,-0.057686487066066564,2.9385898820696754,1.0,Books
2024-12-10,1.4513499416509434,0.012862869748509049,2.873077694952224,0.0,Books
2024-12-11,1.5570243394521377,0.11306683102155084,3.1204472212548304,0.0,Books
2024-12-12,1.5282196060128106,0.13207456122948602,2.8885959844475146,2.0,Books
2024-12-13,1.664090644501804,0.25973427856186604,3.219975736995774,0.0,Books
2024-12-14,1.5554121424087355,0.0662127576543091,2.897471993445375,2.0,Books
2024-12-15,1.6795984117327574,0.1973360750308289,3.1997175095361925,4.0,Books
2024-12-16,1.5813896608681803,0.15706146680539074,3.0826132968820774,1.0,Books
2024-12-17,1.64169906743999,0.20602210481544223,3.1657300134280493,0.0,Books
2024-12-18,1.7393966170403903,0.31417187508206085,3.2506028078598646,0.0,Books
2024-12-19,1.6989703130101912,0.3096876892693649,3.1129245387416873,2.0,Books
2024-12-20,1.819731524619859,0.4039912423765913,3.2063027242057003,2.0,Books
2024-12-21,1.6925064119423947,0.2778950608687345,3.2641511444237485,0.0,Books
2024-12-22,1.7950691878067209,0.33978856341685804,3.313138441183874,1.0,Books
2024-12-23,1.6723513145707123,0.18192917941149556,3.220716986269869,2.0,Books
2024-12-24,1.7057434049078646,0.21362574157398645,3.0935690463368606,2.0,Books
2024-12-25,1.7745235775589887,0.30931074476607245,3.1569382382211435,2.0,Books
2024-12-26,1.7036263313623696,0.3182785515565208,3.148526372689512,4.0,Books
2024-12-27,1.792975356163364,0.3021317999338459,3.212806918264875,3.0,Books
2024-12-28,1.633855695983053,0.2508695244005533,3.113339836164554,3.0,Books
2024-12-29,1.704749856308879,0.23149126951637972,3.137756930699748,1.0,Books
2024-12-30,1.5510607029742367,0.01941918207676083,3.054998362558822,4.0,Books
2024-12-31,1.554860570861433,0.004190069406702124,3.0167157437134096,,Books
2025-01-01,1.595958327490142,0.18899677707206108,3.1458695414409665,,Books
2025-01-02,1.499772074483115,-0.02674483046420737,2.979529200729077,,Books
2025-01-03,1.566787667082928,0.12587088777444003,3.0869562527228425,,Books
2025-01-04,1.388612000381599,-0.1734919511380694,2.7478551415696333,,Books
2025-01-05,1.4442144858995614,-0.012336594197645403,2.8291777609500777,,Books
2025-01-06,1.2791682601783618,-0.15807401744629182,2.715933995094403,,Books
2025-01-07,1.275853082565354,-0.3281830889030504,2.731967569451508,,Books
2025-01-08,1.3141694997392057,-0.30863413561460246,2.6537246094153404,,Books
2025-01-09,1.21952537063361,-0.2867312716405017,2.6300443600826777,,Books
2025-01-10,1.2924314428636434,-0.21828992322061946,2.6462816007869403,,Books
2025-01-11,1.124248176796117,-0.1874854516255289,2.710461044008245,,Books
2025-01-12,1.193845759535967,-0.3307973349813864,2.6262277212285134,,Books
2025-01-13,1.0463772124251203,-0.4147942433754284,2.494510299188727,,Books
2025-01-14,1.0639487457157695,-0.37936741603867824,2.536497674463482,,Books
2025-01-15,1.1259944268286861,-0.418775903718795,2.5738379132594624,,Books
2023-01-02,1.3781905123653355,-0.10917072056478565,2.9114593681965664,1.0,Clothing
2023-01-03,1.4013911640163,-0.25580845100931743,2.8887233259478853,1.0,Clothing
2023-01-04,1.657734092037029,0.06564968619142257,3.1612793769336585,1.0,Clothing
2023-01-05,1.3046533920180368,-0.20142978173405052,2.7838780362508584,0.0,Clothing
2023-01-06,1.5380357570080494,-0.13008548982691276,3.0923020702317805,1.0,Clothing
2023-01-07,1.643208245145122,0.16556454998500142,3.2462531900611644,4.0,Clothing
2023-01-08,1.625783813656483,0.030680757434053407,3.0557710078648563,2.0,Clothing
2023-01-09,1.43028878123367,-0.19829478190637306,2.880846987570196,4.0,Clothing
2023-01-10,1.456723667783964,-0.12206015475475955,3.022907339464128,3.0,Clothing
2023-01-11,1.7134833068808981,0.029214541053206554,3.2669554552468183,1.0,Clothing
2023-01-12,1.3596393347582905,-0.265552496469501,2.807350495180903,1.0,Clothing
2023-01-13,1.5886182906525834,0.06127907908099767,3.0205269802273813,1.0,Clothing
2023-01-14,1.6872676761497405,0.10830702685480686,3.352468803326055,0.0,Clothing
2023-01-15,1.6613181346385848,0.11070138909594067,3.2003464968279483,3.0,Clothing
2023-01-16,1.4556054107968834,-0.07053522443301262,3.115055614789383,0.0,Clothing
2023-01-17,1.469567230943009,-0.13747546090042828,3.0499700016269156,2.0,Clothing
2023-01-18,1.7118906911817815,0.13682090364592442,3.264188300042374,2.0,Clothing
2023-01-19,1.3437253402682554,-0.09658101583272918,2.8066333570798614,1.0,Clothing
2023-01-20,1.5564400279017885,-0.14795786003096317,3.17418739632166,0.0,Clothing
2023-01-21,1.6387558953846588,0.11051218449588425,3.18598978167142,1.0,Clothing
2023-01-22,1.5968153492987733,0.17658940484397959,3.1532452871348298,3.0,Clothing
2023-01-23,1.375990449944281,-0.15322218583389188,2.9413299487470215,2.0,Clothing
2023-01-24,1.3753097672757653,-0.15560352063494967,2.9029225894486435,2.0,Clothing
2023-01-25,1.6038291432573826,0.02157980755248864,3.1793660952229916,1.0,Clothing
2023-01-26,1.224773726811841,-0.29586023711584014,2.710538458154376,0.0,Clothing
2023-01-27,1.4273742172109842,-0.04111935872343925,3.0936832755524843,1.0,Clothing
2023-01-28,1.502069685238137,-0.013806207630078985,3.1946833305533393,0.0,Clothing
2023-01-29,1.4551883886556571,-0.07677783592614268,2.9725953273088734,1.0,Clothing
2023-01-30,1.2323496204256765,-0.3176971786750285,2.759994979321242,2.0,Clothing
2023-01-31,1.2318293323090272,-0.3196321517403745,2.77892952569572,0.0,Clothing
2023-02-01,1.4626645517507542,-0.1954952988284589,3.0438409796321193,2.0,Clothing
2023-02-02,1.0897358235866852,-0.46151797462619404,2.6818093654421222,2.0,Clothing
2023-02-03,1.2996951338037106,-0.36352111097069567,2.8658008022255785,2.0,Clothing
2023-02-04,1.3842513026139005,-0.11953718725825868,2.8015967230456376,1.0,Clothing
2023-02-05,1.3494754677963172,-0.2241471902109772,2.890626148636253,3.0,Clothing
2023-02-06,1.140808919927966,-0.33105083663895735,2.708795605243106,3.0,Clothing
2023-02-07,1.1553793572570044,-0.39549864847718796,2.61705284995424,1.0,Clothing
2023-02-08,1.4018498124030339,-0.2061418031415827,2.9876266535297633,1.0,Clothing
2023-02-09,1.0464510367985733,-0.46061649455260395,2.5546118476788946,1.0,Clothing
2023-02-10,1.2730090508287015,-0.3093991217125298,2.825204627878106,2.0,Clothing
2023-02-11,1.374319245755415,-0.11156701219922521,2.945983700565517,1.0,Clothing
2023-02-12,1.3560806975466713,-0.2518494715460337,2.9635821248185144,0.0,Clothing
2023-02-13,1.1635120739191929,-0.3014765488438335,2.7003318136543917,1.0,Clothing
2023-02-14,1.1926184868130785,-0.4036905972576609,2.7559862573774616,1.0,Clothing
2023-02-15,1.451782800153656,-0.026846119503575815,2.9509136887727534,1.0,Clothing
2023-02-16,1.1087438197306898,-0.5546691852243382,2.6348026372128914,0.0,Clothing
2023-02-17,1.3447174705080511,-0.1808197182704208,2.831671217524247,0.0,Clothing
2023-02-18,1.4538519481900545,-0.0966233035164155,2.9516918949296183,0.0,Clothing
2023-02-19,1.4417817954064365,-0.1568426094417255,2.9844465492902574,2.0,Clothing
2023-02-20,1.253841695359941,-0.19087145020828378,2.8929754249579003,0.0,Clothing
2023-02-21,1.2852729438886503,-0.3763035587860977,2.9205755641685123,0.0,Clothing
2023-02-22,1.544545713630358,-0.13994212915414597,3.190409168601586,0.0,Clothing
2023-02-23,1.2012715356234012,-0.2591159061556009,2.8115506710516955,1.0,Clothing
2023-02-24,1.4344068586133418,-0.09199686391937194,3.025890511525009,1.0,Clothing
2023-02-25,1.5397786221183778,-0.03485889644762439,3.228567445938362,2.0,Clothing
2023-02-26,1.523248408861122,-0.0018321612684237846,3.0684508567552657,1.0,Clothing
2023-02-27,1.3305156776026683,-0.24856511415946186,2.8400757862556265,3.0,Clothing
2023-02-28,1.3562569005042953,-0.1460454695775019,2.8669097909885086,2.0,Clothing
2023-03-01,1.6091735305340205,0.034704556844648786,3.1558616329256632,2.0,Clothing
2023-03-02,1.2608353759525122,-0.21590911717555233,2.8745275863131656,2.0,Clothing
2023-03-03,1.4879650920166085,-0.09592459067201954,3.008676111067089,3.0,Clothing
2023-03-04,1.5880347085916355,0.0647687131505036,3.193656896457805,1.0,Clothing
2023-03-05,1.5670423452640203,-0.08113966997849492,3.024828401405072,1.0,Clothing
2023-03-06,1.3709092324936865,-0.22166216093664184,2.8681480870835165,2.0,Clothing
2023-03-07,1.3935575770709618,-0.10780247683951419,2.9190676535092193,1.0,Clothing
2023-03-08,1.6436918058256482,0.08640792429565732,3.220451350258033,1.0,Clothing
2023-03-09,1.2945816655130988,-0.1779651503723507,2.7818744777975666,3.0,Clothing
2023-03-10,1.52043744804397,-0.22095057185335998,3.0720679273046896,2.0,Clothing
2023-03-11,1.6200879207198355,0.1626247846889131,3.1865729638644833,2.0,Clothing
2023-03-12,1.5993803564365394,0.06514604985482986,3.2317780311041666,3.0,Clothing
2023-03-13,1.4041820469773492,-0.1370892667581848,3.0365950750050366,0.0,Clothing
2023-03-14,1.4274071997982478,-0.07298198680235243,3.104006758404777,1.0,Clothing
2023-03-15,1.6775410197869225,0.056159721602486064,3.1564719562806713,0.0,Clothing
2023-03-16,1.329371037168735,-0.1408183967446686,2.861495259241662,2.0,Clothing
2023-03-17,1.5544602232628157,0.05400725205625123,3.0915291465418537,0.0,Clothing
2023-03-18,1.6529118913858871,0.09067021448691744,3.1621332650508176,3.0,Clothing
2023-03-19,1.6303968248579894,0.201276536751336,3.205683157202672,1.0,Clothing
2023-03-20,1.4327611412457313,-0.10439795963407923,2.9168969966534903,1.0,Clothing
2023-03-21,1.4520020751878349,-0.058913568609941985,3.048323968143752,3.0,Clothing
2023-03-22,1.6965327339524443,0.2022113997296808,3.1765514761251845,1.0,Clothing
2023-03-23,1.342857516652219,-0.15972133169839137,2.856651965636915,0.0,Clothing
2023-03-24,1.56013712269252,-0.028746705352908044,3.042319227179614,0.0,Clothing
2023-03-25,1.6500327361376987,0.07257357102548662,3.216864222156603,0.0,Clothing
2023-03-26,1.6183510999651056,0.08167926872226558,3.179186583137498,2.0,Clothing
2023-03-27,1.4112483912784994,-0.21188800069640584,2.897386538527918,1.0,Clothing
2023-03-28,1.4201436773242422,-0.11199743514812113,3.028761875266836,0.0,Clothing
2023-03-29,1.6537126057742355,0.13477046559052652,3.1519685646469147,2.0,Clothing
2023-03-30,1.2904950185261888,-0.19193183566213973,2.775186632973789,4.0,Clothing
2023-03-31,1.4975401760768454,-0.036443327930079705,2.9092093859265944,0.0,Clothing
2023-04-01,1.578319144967968,-0.02644729171912443,3.068794828328917,2.0,Clothing
2023-04-02,1.5389776973908535,-0.024110878341825927,2.993414890320711,0.0,Clothing
2023-04-03,1.326127374818292,-0.30801701401186754,2.8875909678379887,1.0,Clothing
2023-04-04,1.330689396819989,-0.17542385939536895,2.952697867144162,1.0,Clothing
2023-04-05,1.5616119269796986,-0.012575349088790272,3.2091514359169655,3.0,Clothing
2023-04-06,1.1994065898726443,-0.39088674898955084,2.669641886265461,1.0,Clothing
2023-04-07,1.4088728339923906,-0.11025161446161588,2.9434026883960147,4.0,Clothing
2023-04-08,1.4950797399609317,-0.06551759927396424,3.078934694187805,2.0,Clothing
2023-04-09,1.4642302717932412,-0.12238498787525849,3.094692261732079,3.0,Clothing
2023-04-10,1.2630453070309884,-0.3184916050060519,2.833634592344305,0.0,Clothing
2023-04-11,1.2815459031888683,-0.3021880666980302,2.9542458349520193,2.0,Clothing
2023-04-12,1.5285039798198021,-0.15455475506431754,3.0322300077795585,4.0,Clothing
2023-04-13,1.1859192625473383,-0.2705697152842598,2.7526539282481854,0.0,Clothing
2023-04-14,1.4158356859418495,-0.13216782751151163,3.0033711493658037,1.0,Clothing
2023-04-15,1.5244065480056597,-0.04516807758930364,3.1341995318091,1.0,Clothing
2023-04-16,1.5173846751225157,-0.03946048460573953,3.0680572770789443,0.0,Clothing
2023-04-17,1.341114202603321,-0.26661441578177547,2.8907097838736573,1.0,Clothing
2023-04-18,1.3842657776170126,-0.25622882728621105,2.9141236179528938,1.0,Clothing
2023-04-19,1.6550346026060458,0.11973082077979133,3.269303850243592,3.0,Clothing
2023-04-20,1.3365707011402133,-0.3010298818084576,2.843269683098201,1.0,Clothing
2023-04-21,1.5878988114454051,0.03393709904400105,3.1639998011187376,3.0,Clothing
2023-04-22,1.7160765359155328,0.1520047300847901,3.314746926746554,0.0,Clothing
2023-04-23,1.7263179546608958,0.24296475757647573,3.2893825476095326,3.0,Clothing
2023-04-24,1.5645983214187542,0.0656634360554298,3.151449811192426,1.0,Clothing
2023-04-25,1.6183448056033896,0.21305439030078183,3.19166477153181,3.0,Clothing
2023-04-26,1.895381815147987,0.3365428580519439,3.4698925909385303,3.0,Clothing
2023-04-27,1.5803117698617573,0.015650923082028645,3.127636936764217,3.0,Clothing
2023-04-28,1.8295329675819638,0.12320651462478165,3.397486213241331,1.0,Clothing
2023-04-29,1.9514826128040648,0.30011535674265905,3.5265388586345026,1.0,Clothing
2023-04-30,1.9513833449683373,0.3503265223735945,3.4801587370673026,0.0,Clothing
2023-05-01,1.7754481484974383,0.13245033370204137,3.3948800027344146,2.0,Clothing
2023-05-02,1.8105120799939705,0.20465225530577788,3.3940485731098535,3.0,Clothing
2023-05-03,2.0647088339339215,0.531575528513393,3.5639746275527173,0.0,Clothing
2023-05-04,1.724784920828382,0.08199707454046253,3.1701814160312343,6.0,Clothing
2023-05-05,1.9451977892551546,0.5113719180024846,3.629367960529487,3.0,Clothing
2023-05-06,2.0364258743083337,0.3783531157728786,3.5743961859643294,1.0,Clothing
2023-05-07,2.0043205244935782,0.5448335562896471,3.6139076511769788,4.0,Clothing
2023-05-08,1.7958944304812208,0.3524345185805054,3.3127402142623747,3.0,Clothing
2023-05-09,1.7978789253179313,0.22571812484106857,3.346831198672756,1.0,Clothing
2023-05-10,2.0191180956283308,0.4018955984182195,3.4672798115851515,3.0,Clothing
2023-05-11,1.6488047713543323,-0.027987769046028586,3.1746647053581114,0.0,Clothing
2023-05-12,1.8396497497367428,0.4090604548378848,3.447009505176935,1.0,Clothing
2023-05-13,1.9042524215668506,0.41510983915830313,3.401693604014861,2.0,Clothing
2023-05-14,1.849054567102907,0.14693881818496177,3.514719631125188,4.0,Clothing
2023-05-15,1.6217118100351724,0.20222784624480544,3.19971766838049,3.0,Clothing
2023-05-16,1.6085790754841303,0.09087891136116519,3.1646893564626146,0.0,Clothing
2023-05-17,1.8188278690138808,0.09170861157153523,3.3669941347417724,1.0,Clothing
2023-05-18,1.4436126145786323,-0.04053556004924569,2.9483063373565073,1.0,Clothing
2023-05-19,1.633322228838982,0.055555311863423856,3.1990025700375324,1.0,Clothing
2023-05-20,1.7020250083056974,0.10321556584964776,3.1665109466246633,2.0,Clothing
2023-05-21,1.6560400676605955,0.12174761819608076,3.176921670953319,4.0,Clothing
2023-05-22,1.4429092806269739,-0.06876190925862083,3.123776157877758,0.0,Clothing
2023-05-23,1.447829595607077,-0.13129937072216424,2.9972315855608898,0.0,Clothing
2023-05-24,1.6795129353191398,0.15398234345188008,3.142441661013186,3.0,Clothing
2023-05-25,1.3303025812343952,-0.16331479307237007,2.736913645740458,2.0,Clothing
2023-05-26,1.5475265263098268,-0.05561953726403289,3.003303661948884,2.0,Clothing
2023-05-27,1.646035268692349,0.036899319238159485,3.1168552192205405,1.0,Clothing
2023-05-28,1.6314082662393323,0.0888858189672977,3.2856739497506062,0.0,Clothing
2023-05-29,1.4505420051581226,-0.1267362040898173,3.152335637378252,0.0,Clothing
2023-05-30,1.4870426686321057,0.014692721146812736,3.0237551551834976,1.0,Clothing
2023-05-31,1.7488396487767492,0.13470481861512645,3.2976175687621714,3.0,Clothing
2023-06-01,1.4292601744160425,0.038287578634502537,2.908656989349911,2.0,Clothing
2023-06-02,1.6724896268319014,0.09146110135983566,3.25427167465148,2.0,Clothing
2023-06-03,1.7942042745414952,0.23700927617999948,3.2500904690189207,2.0,Clothing
2023-06-04,1.7994115750125217,0.2514201201042402,3.3151033908087943,0.0,Clothing
2023-06-05,1.6346500298426534,-0.007112087515390219,3.278283884098589,0.0,Clothing
2023-06-06,1.682334808296941,0.15062778648965872,3.2866687340527108,2.0,Clothing
2023-06-07,1.9501146133634182,0.29977894924124165,3.502917750248177,1.0,Clothing
2023-06-08,1.6328917068054762,0.06619602985910572,3.1196617837276324,0.0,Clothing
2023-06-09,1.872374094416631,0.22656849933842915,3.4679751210836565,2.0,Clothing
2023-06-10,1.9857862603648957,0.4234388235591409,3.5220384195182937,1.0,Clothing
2023-06-11,1.9783249739579496,0.4215140699572386,3.514594985767,2.0,Clothing
2023-06-12,1.7969516715900256,0.34012312162066427,3.4698709898824096,1.0,Clothing
2023-06-13,1.8236713650757101,0.18329513828815067,3.4476430096258928,2.0,Clothing
2023-06-14,2.066613293722416,0.6190884774385172,3.509668546449239,1.0,Clothing
2023-06-15,1.7229773940685569,0.1977534093310871,3.350917598931492,1.0,Clothing
2023-06-16,1.9326605053085695,0.30013290154328104,3.4284428580025206,3.0,Clothing
2023-06-17,2.0150288224046626,0.388006159901562,3.483224171180322,5.0,Clothing
2023-06-18,1.975974905293551,0.33881461834419613,3.4183878400146064,1.0,Clothing
2023-06-19,1.763290629296777,0.298020544161512,3.29484724684906,2.0,Clothing
2023-06-20,1.7588700557435073,0.31509312021030045,3.333091974925632,2.0,Clothing
2023-06-21,1.9715074156532155,0.37435125974541367,3.480880213136605,3.0,Clothing
2023-06-22,1.6007665769441402,0.04451168573295091,3.1690989743689713,0.0,Clothing
2023-06-23,1.7846808984239306,0.2899447038722196,3.44190792061433,1.0,Clothing
2023-06-24,1.8445900932312271,0.21938804163518436,3.4205125244851295,1.0,Clothing
2023-06-25,1.7868040910010008,0.09598322922879933,3.2153317827264165,5.0,Clothing
2023-06-26,1.5595649950549653,-0.00323708340153198,3.114837326400423,3.0,Clothing
2023-06-27,1.544184892237469,-0.030539929050669462,3.136627660920149,0.0,Clothing
2023-06-28,1.7495743673305126,0.19740501871867583,3.279020853528824,1.0,Clothing
2023-06-29,1.3770500216038897,-0.1226059428278018,2.9941394066706444,4.0,Clothing
2023-06-30,1.5621244663308504,-0.03148553762703373,3.1107922418863874,0.0,Clothing
2023-07-01,1.6274250743943772,0.07282862873355787,3.2081235537107387,1.0,Clothing
2023-07-02,1.5789826879568083,-0.1089757346542146,3.1417020959533923,1.0,Clothing
2023-07-03,1.3648006087745226,-0.24514929619058312,2.8926224820346262,2.0,Clothing
2023-07-04,1.3649449308938526,-0.16726855259714846,2.947369004480278,0.0,Clothing
2023-07-05,1.5878202674836586,0.1266973970979092,3.151744307853941,2.0,Clothing
2023-07-06,1.2359306708279516,-0.35598305516410256,2.7017040231804446,1.0,Clothing
2023-07-07,1.441773395056788,-0.19388554022681967,2.9911895901661594,2.0,Clothing
2023-07-08,1.5288511074448017,0.07203568862925157,3.11536512881087,1.0,Clothing
2023-07-09,1.5025946767972,0.04323404276699003,2.9995307284879007,1.0,Clothing
2023-07-10,1.3105458840406365,-0.2504948053660335,3.0186411794755115,0.0,Clothing
2023-07-11,1.3314042766351541,-0.28618579975107555,2.838021399920677,3.0,Clothing
2023-07-12,1.5730513524054128,0.07576799968874814,3.318532140427984,3.0,Clothing
2023-07-13,1.2392633805743563,-0.21349132328370868,2.87264367358958,4.0,Clothing
2023-07-14,1.4597047715309717,-0.03675573787737333,3.0665526181450566,1.0,Clothing
2023-07-15,1.5590270777141289,0.039047291763697846,2.9901104967455976,2.0,Clothing
2023-07-16,1.5424169040855846,0.050977577701021404,3.0939349761238333,1.0,Clothing
2023-07-17,1.357381369736719,-0.13342103997777888,2.8673763581542224,2.0,Clothing
2023-07-18,1.3817388320892257,-0.08671705989825361,3.058366525738322,2.0,Clothing
2023-07-19,1.6233775614687966,0.13113123271001625,3.238048886039598,1.0,Clothing
2023-07-20,1.2879055804527881,-0.197777742880454,2.921817694184958,2.0,Clothing
2023-07-21,1.5027282575638505,-0.07483733849272198,3.092566556112264,0.0,Clothing
2023-07-22,1.5942186367147901,-0.02854093155430012,3.0843763405438778,0.0,Clothing
2023-07-23,1.5678753479989997,-0.04080085573600107,3.08995868379672,1.0,Clothing
2023-07-24,1.3716964381654944,-0.18823601395966016,2.9957946005697913,2.0,Clothing
2023-07-25,1.383100694863409,-0.15399878922318383,3.0310077193078233,0.0,Clothing
2023-07-26,1.610408990044026,-0.012225030285040418,3.058461893993566,0.0,Clothing
2023-07-27,1.2614210528043455,-0.34229664032963336,2.833549807718774,1.0,Clothing
2023-07-28,1.4615691753924758,-0.07876487681131486,3.0377600849892854,2.0,Clothing
2023-07-29,1.5391539097161302,0.03999735201182642,3.060029820800944,3.0,Clothing
2023-07-30,1.5001082819565816,-0.08717050120972487,3.0883434248383583,2.0,Clothing
2023-07-31,1.2929586097122883,-0.17356648293163693,2.8268204721925883,0.0,Clothing
2023-08-01,1.2946773435753343,-0.3021013408008718,2.8465681269968153,0.0,Clothing
2023-08-02,1.5138902175317737,-0.030931184616882035,2.9376547053210564,1.0,Clothing
2023-08-03,1.1603851765727773,-0.3740819445730536,2.756178857257194,2.0,Clothing
2023-08-04,1.3573493075600955,-0.09364464303148097,2.7846067669274905,0.0,Clothing
2023-08-05,1.4346786645185692,-0.12797478706807447,2.9941024876206797,6.0,Clothing
2023-08-06,1.398358919052496,-0.2550900091688211,2.802262758633821,1.0,Clothing
2023-08-07,1.197024353294292,-0.30288691699319653,2.6464686983008736,1.0,Clothing
2023-08-08,1.2067541317232806,-0.43492912704970493,2.6847411448423384,1.0,Clothing
2023-08-09,1.4360175494054255,-0.142689825653958,2.986282292517675,1.0,Clothing
2023-08-10,1.0961274361470075,-0.44794893454461865,2.662624498364326,2.0,Clothing
2023-08-11,1.3075723258154817,-0.20947047831197954,2.849188322610537,0.0,Clothing
2023-08-12,1.4014117943427453,-0.12129256112182221,2.88677833000026,0.0,Clothing
2023-08-13,1.38328400640424,0.009440451192028711,2.9752247686725273,0.0,Clothing
2023-08-14,1.2015721605031153,-0.3972301368331451,2.652351953313694,0.0,Clothing
2023-08-15,1.2311520646818352,-0.2783193828428744,2.820962506204722,1.0,Clothing
2023-08-16,1.4800817811585516,-0.12151321632626351,2.980518384216837,2.0,Clothing
2023-08-17,1.1610041083376827,-0.4534853249344979,2.7318212576104415,1.0,Clothing
2023-08-18,1.3915768232184127,-0.11938427855337945,2.9173821843987473,0.0,Clothing
2023-08-19,1.503954583698577,-0.09551156530840899,3.142407640605054,1.0,Clothing
2023-08-20,1.5034226758246454,-0.012496126568026553,3.022316797201124,1.0,Clothing
2023-08-21,1.3381685539945574,-0.18034830602807,2.953843757554469,2.0,Clothing
2023-08-22,1.3819768334022695,-0.14317986469742558,2.9860469168293085,2.0,Clothing
2023-08-23,1.6426580856981035,0.1944852637664081,3.315447365073368,2.0,Clothing
2023-08-24,1.334394001584139,-0.1829194336990196,2.9013010242226547,2.0,Clothing
2023-08-25,1.5722583907237029,0.03699849155791919,3.1163367078403015,2.0,Clothing
2023-08-26,1.6897776654471044,0.0871529028026065,3.265368212584563,1.0,Clothing
2023-08-27,1.6921824033396164,0.20242875772998567,3.2336236987824947,2.0,Clothing
2023-08-28,1.527775458597645,-0.0010156551023585664,3.114310042492425,2.0,Clothing
2023-08-29,1.5695659691022121,-0.031049510361517256,3.1943187021280868,3.0,Clothing
2023-08-30,1.8254292679951174,0.30298880205060386,3.328711525322307,0.0,Clothing
2023-08-31,1.5113872833924318,-0.01278050784576147,3.0653401023173243,1.0,Clothing
2023-09-01,1.740213640710345,0.2275568161622959,3.345854629738826,2.0,Clothing
2023-09-02,1.8470670244723513,0.26901933695770147,3.378175567385958,2.0,Clothing
2023-09-03,1.8373559313056809,0.34044519275795787,3.4424626980940833,5.0,Clothing
2023-09-04,1.6596998918305141,0.1528949556577416,3.212417043722416,1.0,Clothing
2023-09-05,1.6865002399417246,0.1151873204821724,3.3291678164506813,3.0,Clothing
2023-09-06,1.9258300980562433,0.5020066685407302,3.526179013316869,1.0,Clothing
2023-09-07,1.5956501427543273,0.10395029569230747,3.192385627398193,1.0,Clothing
2023-09-08,1.806499031884173,0.27055692861559416,3.3773922601336204,3.0,Clothing
2023-09-09,1.8952018479833945,0.24867674441987855,3.380446019364356,0.0,Clothing
2023-09-10,1.8673510841148002,0.2388442953305802,3.282523432649026,1.0,Clothing
2023-09-11,1.6718646910346093,0.11719019339886504,3.271896700292968,1.0,Clothing
2023-09-12,1.680497811413555,0.2099994613951649,3.3277201528712035,0.0,Clothing
2023-09-13,1.9014673340101338,0.36799515467319416,3.423700814274794,3.0,Clothing
2023-09-14,1.5546076140817549,-0.09432276624121799,3.1169453950531607,1.0,Clothing
2023-09-15,1.7481507117886883,0.22160348742859626,3.3536679332686083,1.0,Clothing
2023-09-16,1.8205141164165473,0.2775959760539596,3.5268252945466654,0.0,Clothing
2023-09-17,1.777401708215338,0.25637483351393897,3.362810466417661,3.0,Clothing
2023-09-18,1.5679617725944803,-0.018549393554881017,3.2492032715012233,0.0,Clothing
2023-09-19,1.5632421215436858,-0.011535733882058679,3.165989304239281,1.0,Clothing
2023-09-20,1.7715508337680304,0.0733159388833211,3.271083656109902,4.0,Clothing
2023-09-21,1.414552689858316,-0.1177999365740953,2.9440042429116486,0.0,Clothing
2023-09-22,1.5981391098951967,0.04392213208770685,3.145227744505474,3.0,Clothing
2023-09-23,1.6622941958007391,0.036926537678400116,3.084419872488864,3.0,Clothing
2023-09-24,1.6128139127092946,0.09641047352574411,3.1414003903974113,1.0,Clothing
2023-09-25,1.3990616106294547,-0.1349636995734925,2.8345804975184272,0.0,Clothing
2023-09-26,1.3913634909424613,-0.2387679524448639,3.069552116434802,0.0,Clothing
2023-09-27,1.5981020539203323,0.15307177090780932,3.1015986428314046,2.0,Clothing
2023-09-28,1.2427495003053035,-0.27297117150673955,2.776127539651557,0.0,Clothing
2023-09-29,1.428823530591495,-0.09298720700535301,3.0241153194849235,2.0,Clothing
2023-09-30,1.4978279671703048,-0.1537407154431197,2.9905926262868845,3.0,Clothing
2023-10-01,1.4555867050448885,-0.21170774798144695,2.965270928424712,0.0,Clothing
2023-10-02,1.251593761528287,-0.31798502061089745,2.779255036717537,2.0,Clothing
2023-10-03,1.2553467485347682,-0.302471746650376,2.870026471199378,1.0,Clothing
2023-10-04,1.4751714780489569,-0.13297899362552998,3.0956436756956816,1.0,Clothing
2023-10-05,1.136191694805846,-0.4434310224938534,2.6907257843616117,1.0,Clothing
2023-10-06,1.339371109298853,-0.19233568981886773,2.918723487326164,1.0,Clothing
2023-10-07,1.4275300383867078,-0.25278520617110556,3.0236180046666123,0.0,Clothing
2023-10-08,1.4062966514341138,-0.10167281107002438,3.0336168258180845,0.0,Clothing
2023-10-09,1.2250551435148902,-0.28462964622538356,2.7932954653759947,2.0,Clothing
2023-10-10,1.252221820253418,-0.26818611984805046,2.93565412349263,1.0,Clothing
2023-10-11,1.4958063825529022,-0.034453597130669866,3.053520686504882,2.0,Clothing
2023-10-12,1.1823242923154178,-0.37837231057195075,2.7830746361508276,3.0,Clothing
2023-10-13,1.4099319551908174,-0.012490198703050483,2.965896352027202,0.0,Clothing
2023-10-14,1.522526714940564,0.05328579178128529,3.147491623907587,2.0,Clothing
2023-10-15,1.5253229306611011,0.05793308515218267,3.187523073969967,4.0,Clothing
2023-10-16,1.367405776094396,-0.18078595892398377,2.8703172426338988,4.0,Clothing
2023-10-17,1.4159571629323662,-0.15352898693734243,2.9296537855456877,2.0,Clothing
2023-10-18,1.6785604095501112,0.046480939246410675,3.325100724136503,0.0,Clothing
2023-10-19,1.383061185369412,-0.1542136010064614,3.0499521318867227,3.0,Clothing
2023-10-20,1.6248008059650791,0.15217170930140123,3.221401991587355,1.0,Clothing
2023-10-21,1.7488033593000067,0.24248483981059823,3.342819217952111,1.0,Clothing
2023-10-22,1.7599790346835846,0.1661937335829241,3.310665337956934,0.0,Clothing
2023-10-23,1.6072844737795071,0.09359685558904825,3.202931917705125,1.0,Clothing
2023-10-24,1.6568978656624391,0.007877481033988365,3.178255113228746,0.0,Clothing
2023-10-25,1.916264688009182,0.34730018026541154,3.3985327855998464,2.0,Clothing
2023-10-26,1.6149032684522842,0.09319006970576076,3.2854638847891287,1.0,Clothing
2023-10-27,1.8457306240190923,0.330931366529133,3.3349321690309113,6.0,Clothing
2023-10-28,1.9553296374777305,0.2978175073319159,3.507692814135898,1.0,Clothing
2023-10-29,1.9487711821019318,0.4247245482365947,3.526927901211459,4.0,Clothing
2023-10-30,1.7753713787383951,0.035574528340390425,3.2809400387180268,2.0,Clothing
2023-10-31,1.8008052512993358,0.26318408453216136,3.3135970033197637,0.0,Clothing
2023-11-01,2.032882221936149,0.5259239512598131,3.5850044810475143,2.0,Clothing
2023-11-02,1.7032845497317406,0.09201033568193479,3.2787105756916297,1.0,Clothing
2023-11-03,1.9029738588690739,0.36920731492922687,3.4863137226868313,1.0,Clothing
2023-11-04,1.9805267114059444,0.3916518412050403,3.568441090148862,3.0,Clothing
2023-11-05,1.9415643944906877,0.34888237593185406,3.581934081963847,1.0,Clothing
2023-11-06,1.7360967833931273,0.18244505073579695,3.3076209721823,1.0,Clothing
2023-11-07,1.7295653868237202,-0.0009819139622151015,3.3161283241270585,4.0,Clothing
2023-11-08,1.9303408267221673,0.3888214640168276,3.4449308812437507,3.0,Clothing
2023-11-09,1.5723880245697521,0.08980696707472277,3.218262056572137,1.0,Clothing
2023-11-10,1.7447491263995216,0.27247384317575923,3.3296498759448805,1.0,Clothing
2023-11-11,1.7979451695352795,0.1567958256694585,3.4147756533114473,6.0,Clothing
2023-11-12,1.7380133182042135,0.1711522607124967,3.292563812077558,0.0,Clothing
2023-11-13,1.5154392513006172,0.0654008342128257,3.0399092237434813,1.0,Clothing
2023-11-14,1.4951336352666988,-0.05767511620679502,2.9823953366340867,0.0,Clothing
2023-11-15,1.685657673504258,0.16275466387764403,3.287567426318949,2.0,Clothing
2023-11-16,1.32282304389606,-0.3050786493116405,2.934167942590702,1.0,Clothing
2023-11-17,1.493260960131639,-0.02357891258473154,3.0148271971345224,1.0,Clothing
2023-11-18,1.5489011752911206,-0.0072615046721189146,3.1314413107364136,0.0,Clothing
2023-11-19,1.4956291359838758,-0.10174368654974701,3.0353726456735175,2.0,Clothing
2023-11-20,1.283820279122335,-0.2365035835966731,2.79206203416553,1.0,Clothing
2023-11-21,1.2772638900457978,-0.32046592582992495,2.7296653819417878,3.0,Clothing
2023-11-22,1.484130891784751,0.000420052123852144,2.997754439273418,3.0,Clothing
2023-11-23,1.1415225471050872,-0.49190641394099466,2.6834102324143654,1.0,Clothing
2023-11-24,1.3331391441298825,-0.290139825516182,2.8637998561404143,2.0,Clothing
2023-11-25,1.411848940567597,-0.135479385764735,2.813450576232511,2.0,Clothing
2023-11-26,1.3829766206387837,-0.12111386917550108,2.9864153333360264,0.0,Clothing
2023-11-27,1.1964493589198952,-0.34005488946109413,2.747651169889829,2.0,Clothing
2023-11-28,1.2146761283781222,-0.20622641953025753,2.8183188318402266,0.0,Clothing
2023-11-29,1.4452637815023819,-0.06017387279324533,2.9888077171027736,3.0,Clothing
2023-11-30,1.1265183895518596,-0.2896906236355689,2.608518260640435,3.0,Clothing
2023-12-01,1.339215137640922,-0.15560756764859696,2.961314667312528,2.0,Clothing
2023-12-02,1.4372564599921231,-0.035880581219082636,3.084063467223985,0.0,Clothing
2023-12-03,1.425588732501129,-0.15129421404411178,2.9929462311084585,3.0,Clothing
2023-12-04,1.2539547975636154,-0.2660261518980494,2.77593078801971,3.0,Clothing
2023-12-05,1.2837213181394362,-0.2654193662396453,2.770087029141283,2.0,Clothing
2023-12-06,1.5223338463793512,-0.12877796913509393,3.038237737183758,0.0,Clothing
2023-12-07,1.2097598453528322,-0.25899755246394957,2.7594234382907556,0.0,Clothing
2023-12-08,1.4243474836523355,-0.13312013756135174,2.836416456965215,1.0,Clothing
2023-12-09,1.5215596288852644,-0.020229715390847978,3.0645025819295615,1.0,Clothing
2023-12-10,1.5065047807550704,-0.11191511946161874,3.097662552273131,1.0,Clothing
2023-12-11,1.329281777953606,-0.20985452248145856,2.9015790242910176,0.0,Clothing
2023-12-12,1.3507410217652462,-0.13897381868823114,2.8932227465590676,1.0,Clothing
2023-12-13,1.5786648411512745,-0.04491372567913337,3.0130496008896244,5.0,Clothing
2023-12-14,1.2551393607124852,-0.3733027574805431,2.7775026782928003,1.0,Clothing
2023-12-15,1.4564905585713879,-0.1399280557798449,3.0202029898163096,2.0,Clothing
2023-12-16,1.5400839932981434,0.02979855143205397,3.1177415948871507,2.0,Clothing
2023-12-17,1.5114616334392839,-0.041520980705397524,3.0459487290865503,1.0,Clothing
2023-12-18,1.3212724023055509,-0.19898621962440208,2.9336064694577284,2.0,Clothing
2023-12-19,1.3299630902300263,-0.2636763159869429,2.80108473316225,3.0,Clothing
2023-12-20,1.5456821013803452,-0.02690474248107538,3.0568505706130313,0.0,Clothing
2023-12-21,1.2125805589051917,-0.2765785625931815,2.8033662350582293,0.0,Clothing
2023-12-22,1.4048282982921867,-0.062227205561867206,2.8941149369117967,4.0,Clothing
2023-12-23,1.481484192757682,-0.06241020892957019,3.005036744289027,2.0,Clothing
2023-12-24,1.448245788473782,-0.1721688642590208,3.011002657938167,2.0,Clothing
2023-12-25,1.2559744350444482,-0.19221043308406405,2.908638050681955,0.0,Clothing
2023-12-26,1.2643262168395266,-0.30693721041295235,2.776310651089101,1.0,Clothing
2023-12-27,1.4813906952711284,-0.012716521769293098,3.023658472875096,0.0,Clothing
2023-12-28,1.1529338144052224,-0.42708700605554534,2.641721014776198,0.0,Clothing
2023-12-29,1.3505069834951322,-0.15701989425613377,2.9513131194085465,4.0,Clothing
2023-12-30,1.4344013712101755,-0.08230830470051172,3.003975421693,2.0,Clothing
2023-12-31,1.4100235554877854,-0.08679154407449118,2.912075798452752,1.0,Clothing
2024-01-01,1.228027915701295,-0.33221882997450414,2.670029844777335,4.0,Clothing
2024-01-02,1.2468993716033723,-0.3201056305697255,2.9185430316437464,1.0,Clothing
2024-01-03,1.4743376946674238,-0.11203656756682216,3.038946571552145,1.0,Clothing
2024-01-04,1.1574512821681542,-0.5038742340630373,2.578508152789029,0.0,Clothing
2024-01-05,1.3649666433787526,-0.19221956833937331,2.827174635491779,3.0,Clothing
2024-01-06,1.4582720298401457,-0.13607324963043652,2.940900711694012,1.0,Clothing
2024-01-07,1.4424223794374198,-0.05930194385616779,3.054016223165567,1.0,Clothing
2024-01-08,1.267880084699157,-0.23974290610370555,2.8281272905993484,1.0,Clothing
2024-01-09,1.2920484719564378,-0.24272755894217354,2.855713021621083,4.0,Clothing
2024-01-10,1.5223984798012642,0.00021023388836741695,3.0967539213957505,1.0,Clothing
2024-01-11,1.207608070918463,-0.38621642529164374,2.698153639122525,0.0,Clothing
2024-01-12,1.4138650277576046,-0.17356574211386902,2.992956247637027,0.0,Clothing
2024-01-13,1.5039911801979664,-0.16316844552363938,3.064091194760705,1.0,Clothing
2024-01-14,1.48306652022859,-0.18689864238188594,2.8586799363591484,1.0,Clothing
2024-01-15,1.3017671421704986,-0.3507743968745269,2.908981151794581,3.0,Clothing
2024-01-16,1.316837506404193,-0.13689666030347147,2.8376373327743725,1.0,Clothing
2024-01-17,1.5359471281350296,-0.043086300461222235,3.036885611520075,0.0,Clothing
2024-01-18,1.209763228578696,-0.43670804715818234,2.696632434069798,1.0,Clothing
2024-01-19,1.4023347577360095,-0.11937468300942652,3.0548442468340897,0.0,Clothing
2024-01-20,1.4782858005163357,0.014782140445190703,2.965596162340193,1.0,Clothing
2024-01-21,1.44304843127929,-0.16285900452291271,2.8668613905496416,3.0,Clothing
2024-01-22,1.2477886778657357,-0.2785497321370662,2.7007881228775084,0.0,Clothing
2024-01-23,1.2488099594437194,-0.34905496283856174,2.8233965534132492,3.0,Clothing
2024-01-24,1.4541339214972997,-0.050823543372190735,3.0331231802263647,3.0,Clothing
2024-01-25,1.116502364977539,-0.3496172029222017,2.699511854383195,1.0,Clothing
2024-01-26,1.297840537401388,-0.267703444564134,2.9756218020943392,2.0,Clothing
2024-01-27,1.3645198018510882,-0.09254860583021544,2.928169891003989,2.0,Clothing
2024-01-28,1.3222013400592096,-0.1459443405741636,2.800707885812019,0.0,Clothing
2024-01-29,1.1223541946663316,-0.5135487143889793,2.7138215420332408,1.0,Clothing
2024-01-30,1.120595746874318,-0.4231251866089361,2.693106007399197,1.0,Clothing
2024-01-31,1.325004187646353,-0.33882486798592365,2.946035608745474,0.0,Clothing
2024-02-01,0.9900586061443045,-0.5408333830507618,2.4789992220245076,3.0,Clothing
2024-02-02,1.1751915500325147,-0.38548516564072,2.7193127033461737,1.0,Clothing
2024-02-03,1.2481317736114517,-0.32480718907431344,2.8545986215219687,2.0,Clothing
2024-02-04,1.2143700973817295,-0.3361108836114723,2.7822533012010715,3.0,Clothing
2024-02-05,1.0252809904939175,-0.5171826240401725,2.573784973101287,0.0,Clothing
2024-02-06,1.0354113656870165,-0.4883085032096154,2.612986078746791,2.0,Clothing
2024-02-07,1.2525354487185876,-0.22967393982001078,2.7669624893202767,1.0,Clothing
2024-02-08,0.9325429599916127,-0.5665927149039482,2.4969006732440295,2.0,Clothing
2024-02-09,1.1320897639279706,-0.32237036699411803,2.6476694189784884,1.0,Clothing
2024-02-10,1.2200281514534859,-0.42540215618427263,2.719470639541921,1.0,Clothing
2024-02-11,1.201500739350641,-0.30184062796609906,2.7325730133386634,1.0,Clothing
2024-02-12,1.0276697448658216,-0.49525565399038846,2.6123163769154423,1.0,Clothing
2024-02-13,1.0519564127523822,-0.5325780136814858,2.699440947895169,2.0,Clothing
2024-02-14,1.2818387107040685,-0.2696386246350864,2.9792027945199306,0.0,Clothing
2024-02-15,0.9746861520593094,-0.6080226176597029,2.575821040786546,3.0,Clothing
2024-02-16,1.1845052661898183,-0.33797904965090586,2.776308201002982,0.0,Clothing
2024-02-17,1.281452449603113,-0.18806372596428725,2.8787059801551655,2.0,Clothing
2024-02-18,1.2705494105345738,-0.29900136511856296,2.7638772031092853,2.0,Clothing
2024-02-19,1.1030123263141502,-0.4406302734806786,2.6521968064845893,0.0,Clothing
2024-02-20,1.1314330308338993,-0.5027002577766461,2.634937987093718,0.0,Clothing
2024-02-21,1.363309885030244,-0.25718572536471945,2.9764727894851104,2.0,Clothing
2024-02-22,1.057819115443433,-0.49769479223544294,2.6078190115823836,2.0,Clothing
2024-02-23,1.2666448236171182,-0.29833903850063415,2.791077633428614,1.0,Clothing
2024-02-24,1.3615642870511144,-0.16410938353340737,2.772344582533986,1.0,Clothing
2024-02-25,1.347775306803823,-0.29735497469792493,2.8716427090492926,1.0,Clothing
2024-02-26,1.176816378345246,-0.4653896855437489,2.7351383576847375,5.0,Clothing
2024-02-27,1.2006818139436524,-0.37227505254949833,2.7237154996560804,2.0,Clothing
2024-02-28,1.4270792434690849,-0.04237579458887732,2.988430575630508,2.0,Clothing
2024-02-29,1.1171324007724435,-0.41536928501715664,2.616445258166251,2.0,Clothing
2024-03-01,1.3202922296303006,-0.15877974375462084,2.927723878870254,1.0,Clothing
2024-03-02,1.409992914982266,-0.12980130722723163,3.0115160959368996,2.0,Clothing
2024-03-03,1.3915911800265333,-0.2956450784049252,2.808624176781611,1.0,Clothing
2024-03-04,1.216879270313235,-0.3725575234872433,2.7216963894766715,1.0,Clothing
2024-03-05,1.2371374963759705,-0.4419396505670404,2.770975773050871,1.0,Clothing
2024-03-06,1.4601234148452513,-0.10370572183958551,2.9033612138052254,0.0,Clothing
2024-03-07,1.14871250720022,-0.3951222353043666,2.7757191373651393,1.0,Clothing
2024-03-08,1.3498980073025562,-0.20305978416007578,2.956671383339042,0.0,Clothing
2024-03-09,1.4385262170264916,-0.05713925500431781,3.0490957466058597,0.0,Clothing
2024-03-10,1.4198569550345022,-0.15521404167058192,2.889032278172767,1.0,Clothing
2024-03-11,1.2456789025956554,-0.39083624472667894,2.7590398652887886,3.0,Clothing
2024-03-12,1.2663091480013355,-0.21634833236673373,2.820900664847754,4.0,Clothing
2024-03-13,1.4893233474000573,0.026822122627169844,3.0297885607737935,0.0,Clothing
2024-03-14,1.1791430066008215,-0.24644714013950833,2.831337371768218,0.0,Clothing
2024-03-15,1.380131862868569,-0.32025536824744494,2.901936740471325,2.0,Clothing
2024-03-16,1.4684171766950613,-0.11442763005982845,3.060361139139786,2.0,Clothing
2024-03-17,1.4490766565225037,-0.08822363437651229,3.0008101818127857,2.0,Clothing
2024-03-18,1.273859937437607,-0.3454384237209626,2.7616785477930614,0.0,Clothing
2024-03-19,1.2921372089426377,-0.26273195629160145,2.9185561720774826,1.0,Clothing
2024-03-20,1.5113706636919897,-0.12215783489263052,3.084594214347374,1.0,Clothing
2024-03-21,1.1976468886511524,-0.36369248712173213,2.730327055703333,0.0,Clothing
2024-03-22,1.3928665356086658,0.0031553247757452815,2.985828039835062,4.0,Clothing
2024-03-23,1.4746466355975232,-0.11869445959378543,2.987656239015607,3.0,Clothing
2024-03-24,1.4481274996941997,-0.19044278112578586,2.996975911700259,2.0,Clothing
2024-03-25,1.2652924733376676,-0.3438985881934464,2.8370779255510405,2.0,Clothing
2024-03-26,1.2748566686514262,-0.4440238544318234,2.708085024450665,4.0,Clothing
2024-03-27,1.4844698736477968,0.04455682415049336,3.0443360202254617,1.0,Clothing
2024-03-28,1.162183680460962,-0.439793512699842,2.7600796803860854,2.0,Clothing
2024-03-29,1.347723851231916,-0.16388291431750787,2.923199507344394,2.0,Clothing
2024-03-30,1.42046317647225,-0.06479653280235824,2.944491645136303,1.0,Clothing
2024-03-31,1.385838324263464,-0.18221738040488886,2.893905684914366,0.0,Clothing
2024-04-01,1.1962586208248571,-0.27048961454934844,2.7529190444907514,1.0,Clothing
2024-04-02,1.1999267240748515,-0.3022192413594573,2.7964338973944223,2.0,Clothing
2024-04-03,1.404766195004058,-0.2302548683130304,3.0006652451189555,1.0,Clothing
2024-04-04,1.0808181707047808,-0.6174410107059347,2.7551741859775682,0.0,Clothing
2024-04-05,1.2655930351956384,-0.30340801268414663,2.813275320574233,1.0,Clothing
2024-04-06,1.3401123763025455,-0.18571335949973244,2.9693228404985668,1.0,Clothing
2024-04-07,1.3099363698204671,-0.18927828430975588,2.8837704051819792,0.0,Clothing
2024-04-08,1.1276642310666796,-0.42501654200237216,2.691284562241369,0.0,Clothing
2024-04-09,1.140691497078767,-0.43234231416995417,2.721304138084903,0.0,Clothing
2024-04-10,1.356868853534113,-0.14604885852555263,2.834127340720481,3.0,Clothing
2024-04-11,1.0478367154468489,-0.6328296626634957,2.7730898553491965,1.0,Clothing
2024-04-12,1.248466121961325,-0.29247133117476065,2.80491544596554,1.0,Clothing
2024-04-13,1.340981008477778,-0.23073317343493177,2.804114280610722,4.0,Clothing
2024-04-14,1.3306083314364727,-0.28391485471816325,2.9158290460080787,1.0,Clothing
2024-04-15,1.1696830490789025,-0.354231231952305,2.7228836299293566,2.0,Clothing
2024-04-16,1.204355158023138,-0.4320933952577069,2.8281061731457737,0.0,Clothing
2024-04-17,1.441992830751091,-0.13255080632500285,3.000412781930571,2.0,Clothing
2024-04-18,1.1554674859482674,-0.3538870851590084,2.76538625531806,1.0,Clothing
2024-04-19,1.3766956419999226,-0.2330344487310184,2.8728632911598937,0.0,Clothing
2024-04-20,1.4888520351901506,0.038576614439666125,3.0811893354569557,1.0,Clothing
2024-04-21,1.4966514854223703,0.004087060695081975,3.046912571419354,1.0,Clothing
2024-04-22,1.3520655876342837,-0.151340390920705,2.9129913362815825,1.0,Clothing
2024-04-23,1.3999846248167922,-0.1121476246871274,2.8288287144386883,0.0,Clothing
2024-04-24,1.6473678935664742,0.145127571889212,3.2259474900261744,1.0,Clothing
2024-04-25,1.3684797728293259,-0.14994926861229105,2.991827810860148,1.0,Clothing
2024-04-26,1.5925306175416571,0.05321252456233266,3.1398756433921338,1.0,Clothing
2024-04-27,1.7039763862838413,0.10194767110403072,3.2663262609442243,3.0,Clothing
2024-04-28,1.70742557120523,0.1917540689186722,3.352873367019799,4.0,Clothing
2024-04-29,1.5549587276013819,-0.007052702620617285,3.1224850179114316,0.0,Clothing
2024-04-30,1.590734403908785,-0.05582231270230982,3.184472411242026,1.0,Clothing
2024-05-01,1.8218740756689404,0.27597439492889947,3.2310126914005,2.0,Clothing
2024-05-02,1.5246352312584524,-0.15945299462830784,3.014308768488486,0.0,Clothing
2024-05-03,1.7261362836644356,0.09385218423185372,3.279765684010249,2.0,Clothing
2024-05-04,1.8127270411043863,0.17429636162064688,3.3553543854876913,2.0,Clothing
2024-05-05,1.789504806079028,0.2137299789018486,3.2725511792362676,0.0,Clothing
2024-05-06,1.6092210500946025,0.07635796648683238,3.1132566539201494,1.0,Clothing
2024-05-07,1.6158162967092913,0.06485790673250764,3.2041113812051036,0.0,Clothing
2024-05-08,1.8170256452463762,0.23038006511916462,3.3073262003688373,1.0,Clothing
2024-05-09,1.4914762912639792,-0.08501964759522361,3.039570305047125,1.0,Clothing
2024-05-10,1.6644856666679693,0.10905212113787922,3.1631212236616992,5.0,Clothing
2024-05-11,1.7244940668227189,0.1793738501797965,3.4372768333886357,0.0,Clothing
2024-05-12,1.677183591521771,0.13831561425649458,3.275589419362068,3.0,Clothing
2024-05-13,1.4759681911206592,-0.10357821213400062,3.119182962171596,2.0,Clothing
2024-05-14,1.4644564091983778,-0.04674194570684679,3.021701017506938,0.0,Clothing
2024-05-15,1.6507791377020422,0.0029796384688601874,3.1948862966540212,4.0,Clothing
2024-05-16,1.3156159302524717,-0.1634854923740396,2.9298272967225056,0.0,Clothing
2024-05-17,1.482073352918289,-0.015315078145899127,2.9597614502852467,1.0,Clothing
2024-05-18,1.5401892106078168,0.16034887084381913,3.13546745375673,0.0,Clothing
2024-05-19,1.495666002002514,-0.06606364409361785,3.03657659339344,0.0,Clothing
2024-05-20,1.3019579463404525,-0.2310190837637955,2.866728028270619,2.0,Clothing
2024-05-21,1.3016767848152264,-0.24344334008763518,2.9600243594285005,2.0,Clothing
2024-05-22,1.5026581664220469,-0.03188392768581117,2.9719138783598726,2.0,Clothing
2024-05-23,1.186933928224031,-0.33632723149872573,2.8495387980044145,1.0,Clothing
2024-05-24,1.3747081571621425,-0.15150557657746505,2.965511903063331,3.0,Clothing
2024-05-25,1.4569503866443734,-0.15997782801741373,2.9952048116408574,3.0,Clothing
2024-05-26,1.4387603476993858,-0.14546742514107275,2.95558060791346,2.0,Clothing
2024-05-27,1.2730677291686465,-0.2214391511847842,2.856054510328204,0.0,Clothing
2024-05-28,1.3009953460095158,-0.2946736950199522,2.81354679940258,1.0,Clothing
2024-05-29,1.5296766398238304,-0.05008471455564749,3.161200641894659,1.0,Clothing
2024-05-30,1.2421842555742133,-0.2353867009625283,2.851293001749278,1.0,Clothing
2024-05-31,1.4556117155355752,-0.0759985123311295,3.074903788153991,3.0,Clothing
2024-06-01,1.561760850581349,0.04832205626697503,3.131497714142949,2.0,Clothing
2024-06-02,1.5651403341813177,-0.06591415863375368,3.1309089681552664,2.0,Clothing
2024-06-03,1.418277820857987,-0.08224379735415506,2.971309834019383,2.0,Clothing
2024-06-04,1.4610372928705084,-0.09805976471419926,2.99503431984119,3.0,Clothing
2024-06-05,1.7001817396533645,0.24607515591788717,3.236079067107593,1.0,Clothing
2024-06-06,1.420249505475806,-0.06955583783607154,3.1143035758107027,4.0,Clothing
2024-06-07,1.6357306869204398,-0.011297124160322693,3.1434964022273806,2.0,Clothing
2024-06-08,1.73983583596009,0.17088276744138092,3.2781958220639185,0.0,Clothing
2024-06-09,1.7371135828855773,0.1199654588398885,3.1755170844619283,0.0,Clothing
2024-06-10,1.5803591164718664,0.003513106659168803,3.0858905208223213,4.0,Clothing
2024-06-11,1.6088684586155926,0.09412065120918846,3.0763053112524816,1.0,Clothing
2024-06-12,1.829729693537986,0.15843106798302092,3.31409176480891,2.0,Clothing
2024-06-13,1.5296292044326882,0.028789992607911253,2.9398312072037043,1.0,Clothing
2024-06-14,1.7211049719077816,0.1533613073467426,3.235126435563794,5.0,Clothing
2024-06-15,1.799381898279659,0.32947171116655116,3.3560126293683012,3.0,Clothing
2024-06-16,1.7695927215148806,0.2218493992946944,3.237383597771672,1.0,Clothing
2024-06-17,1.5852699690571364,0.03907916655087261,3.1284157768597445,3.0,Clothing
2024-06-18,1.5855260068171257,-0.0077756564686582,3.1176543176467186,0.0,Clothing
2024-06-19,1.7780631825369124,0.11192799879113367,3.3229437577451084,2.0,Clothing
2024-06-20,1.4519054748648652,-0.04648649556245485,3.1156103869095424,0.0,Clothing
2024-06-21,1.6177223468091804,0.017070993933760024,3.1873862396547707,1.0,Clothing
2024-06-22,1.6727325060906078,0.14397029051006058,3.29630446044415,2.0,Clothing
2024-06-23,1.6225279661064471,0.07825914552597275,3.2103448089124047,3.0,Clothing
2024-06-24,1.4211544308183888,-0.012265185363393482,3.106315693869146,0.0,Clothing
2024-06-25,1.4072237746031893,-0.16476181581906865,2.9452581958181985,2.0,Clothing
2024-06-26,1.5886532211638307,0.05563941828765121,3.2517480289613303,2.0,Clothing
2024-06-27,1.256332729925334,-0.34703916611895086,2.794770083463729,0.0,Clothing
2024-06-28,1.4185327261470344,-0.24856634636373487,2.93274072682019,1.0,Clothing
2024-06-29,1.4738906693838023,0.030382363040771253,2.9598903554967233,2.0,Clothing
2024-06-30,1.4278536073926058,-0.08017879588051757,3.023630687269432,1.0,Clothing
2024-07-01,1.2343628961993456,-0.3373704288713603,2.7923958366158104,0.0,Clothing
2024-07-02,1.2309151468682944,-0.41331017002727066,2.8210407896715592,2.0,Clothing
2024-07-03,1.4250461829842882,-0.007673584476108104,3.0475146539275886,1.0,Clothing
2024-07-04,1.1089492019705982,-0.537620658355902,2.6575215114156783,1.0,Clothing
2024-07-05,1.2879803252985815,-0.2561287177943822,2.848221262695656,1.0,Clothing
2024-07-06,1.361740469951479,-0.2253675498142992,2.9500285694683197,2.0,Clothing
2024-07-07,1.3351471300778142,-0.05986558624750711,2.9136888092387863,0.0,Clothing
2024-07-08,1.1617321469239945,-0.28186837937775067,2.795641846931714,1.0,Clothing
2024-07-09,1.177657614778316,-0.39060899405064853,2.7150270147079794,1.0,Clothing
2024-07-10,1.3899487467712575,-0.16559176010018947,2.9044287339790347,2.0,Clothing
2024-07-11,1.0920645040299932,-0.5032973020527735,2.666977842847743,0.0,Clothing
2024-07-12,1.2865002154397314,-0.1025528102673959,2.8145516175265697,1.0,Clothing
2024-07-13,1.3739616143460378,-0.21867146635192783,2.7457674057108545,2.0,Clothing
2024-07-14,1.35906044759778,-0.06966887532248126,2.969906046173028,2.0,Clothing
2024-07-15,1.1952178120304013,-0.42135434163096175,2.9026446290969985,1.0,Clothing
2024-07-16,1.217625688925781,-0.3124757973344522,2.7112172038679585,1.0,Clothing
2024-07-17,1.4332178211630013,-0.12712363642288932,2.8609511667124505,1.0,Clothing
2024-07-18,1.1371806663449266,-0.525532605363977,2.7283669892852025,1.0,Clothing
2024-07-19,1.3296400426900665,-0.17294864638993235,2.8807201342597835,2.0,Clothing
2024-07-20,1.4129137547524073,-0.13012797522010977,2.93966932704873,1.0,Clothing
2024-07-21,1.3918172949192913,-0.07006277342069189,2.8783561621286844,1.0,Clothing
2024-07-22,1.2201592251683708,-0.32195651031079253,2.740361579109121,2.0,Clothing
2024-07-23,1.232635392007229,-0.20067441907944902,2.7327013284586683,1.0,Clothing
2024-07-24,1.4365257776071567,-0.1750133255275306,2.908036773663383,4.0,Clothing
2024-07-25,1.1291349563268311,-0.5186914595180466,2.7302156572821357,3.0,Clothing
2024-07-26,1.3085534299690342,-0.19859343447399616,2.8781288884464233,0.0,Clothing
2024-07-27,1.3789812106273978,-0.12086089778867577,2.853362681016764,2.0,Clothing
2024-07-28,1.3456378577718515,-0.3610990448315944,2.929377008681645,0.0,Clothing
2024-07-29,1.1628461379415438,-0.311524176655321,2.754107299147067,3.0,Clothing
2024-07-30,1.1648572005589668,-0.35679079863303453,2.7617461698053014,0.0,Clothing
2024-07-31,1.3592737312697674,-0.159845425671394,2.971660167017822,3.0,Clothing
2024-08-01,1.0454222316274369,-0.5571412114948069,2.5452548844422145,0.0,Clothing
2024-08-02,1.2191932442285058,-0.27893944437287727,2.8621812017526738,0.0,Clothing
2024-08-03,1.2864418159340558,-0.34843254855603917,2.9665825415156357,2.0,Clothing
2024-08-04,1.252509310304777,-0.3605111063092753,2.6629337926206675,2.0,Clothing
2024-08-05,1.07190406276899,-0.5172306905059385,2.637334043580552,1.0,Clothing
2024-08-06,1.0780672402732705,-0.41122495249739593,2.6455435698346195,1.0,Clothing
2024-08-07,1.2785327337302328,-0.3289833995410001,2.731361582636038,0.0,Clothing
2024-08-08,0.9742421065256786,-0.5370940056390647,2.4886239738257023,2.0,Clothing
2024-08-09,1.1584746556147445,-0.5964630916279171,2.7838071521884786,1.0,Clothing
2024-08-10,1.238335498851979,-0.20907058929408842,2.7812712538463407,2.0,Clothing
2024-08-11,1.2188994145586163,-0.40649360141229485,2.6604411875715805,0.0,Clothing
2024-08-12,1.0544979845813067,-0.5167048689908837,2.504383526688662,2.0,Clothing
2024-08-13,1.0774346326960949,-0.5305471881636858,2.8147921782806242,1.0,Clothing
2024-08-14,1.2948885502511271,-0.2849191611724739,2.9495542590990556,3.0,Clothing
2024-08-15,1.0091782437465107,-0.5678168096042423,2.5527824143372158,2.0,Clothing
2024-08-16,1.210785879311033,-0.3288200874713141,2.8190697475003494,2.0,Clothing
2024-08-17,1.3079358858525219,-0.2432677816080216,2.8125830774418286,0.0,Clothing
2024-08-18,1.305362132083055,-0.24314918221547313,2.7440151604599694,2.0,Clothing
2024-08-19,1.157201307390217,-0.4465277759151407,2.6701087393234357,1.0,Clothing
2024-08-20,1.1946553941587417,-0.44735353375452097,2.7113972017702914,2.0,Clothing
2024-08-21,1.4246364942176517,-0.10172422012521444,2.973465959929496,2.0,Clothing
2024-08-22,1.1509745999292458,-0.30789182323159303,2.6648630994616553,2.0,Clothing
2024-08-23,1.3615307793310059,-0.0928631062519988,2.961060814703812,0.0,Clothing
2024-08-24,1.465859986865982,-0.07941306232804254,3.056934733251113,2.0,Clothing
2024-08-25,1.4685946242734476,-0.1445366724991088,2.9622650060459663,2.0,Clothing
2024-08-26,1.3239367918586673,-0.12463235504962183,2.8980867688920022,1.0,Clothing
2024-08-27,1.3622606488900508,-0.19560920300045231,2.9083896573290224,0.0,Clothing
2024-08-28,1.5904906484252492,-0.01251495267554931,3.1768358630245572,0.0,Clothing
2024-08-29,1.3142463140844196,-0.22961755760586017,2.7625530327056302,0.0,Clothing
2024-08-30,1.5190375265359068,-0.07808880500550239,2.9641110999034135,2.0,Clothing
2024-08-31,1.616005461636616,0.09105317877190466,3.170014111492315,4.0,Clothing
2024-09-01,1.6099172666093577,0.05785003007411086,3.2159661729762283,4.0,Clothing
2024-09-02,1.455252844794894,-0.24393763643753322,2.9825800880043434,0.0,Clothing
2024-09-03,1.4817437837913316,-0.00522690929338313,3.044434913353315,2.0,Clothing
2024-09-04,1.696482742861546,0.2062426258810829,3.366295275993978,1.0,Clothing
2024-09-05,1.4070040547052316,-0.1259804124831496,2.998224506996062,0.0,Clothing
2024-09-06,1.596560981635017,0.036259550897892553,3.1073174150785228,1.0,Clothing
2024-09-07,1.6779456377231627,0.0903213452549937,3.1870011567450827,3.0,Clothing
2024-09-08,1.656096532672277,0.050439920859521724,3.1625316925213216,2.0,Clothing
2024-09-09,1.4857824181641632,0.012446611168877764,3.044792459174899,1.0,Clothing
2024-09-10,1.4960809447532688,-0.19109063274989085,3.0781337983050707,1.0,Clothing
2024-09-11,1.6942228356908857,0.1275060111798733,3.3335378701588594,2.0,Clothing
2024-09-12,1.3896122491551803,-0.12698014459424087,2.910210379155301,2.0,Clothing
2024-09-13,1.5631900651013921,0.1253509472987174,3.1315308733730403,0.0,Clothing
2024-09-14,1.6293368033792621,0.084951433224446,3.202591410663256,2.0,Clothing
2024-09-15,1.59309683138803,0.03030061606641547,3.1618760450980847,2.0,Clothing
2024-09-16,1.4094626991009478,-0.13338501838623745,2.981074917273707,0.0,Clothing
2024-09-17,1.4067964485116977,-0.09080992815945979,2.959738892086821,3.0,Clothing
2024-09-18,1.5924108838527815,0.10779748467527983,3.1085206525425533,3.0,Clothing
2024-09-19,1.2775313071382643,-0.31995233737631695,2.8212394630566755,0.0,Clothing
2024-09-20,1.4407456983419713,-0.11901551400720119,2.9865552255662875,3.0,Clothing
2024-09-21,1.497990720642423,-0.01757758746128959,2.9495580701009527,0.0,Clothing
2024-09-22,1.4543919226838984,-0.07824272420565792,2.9341076300167885,2.0,Clothing
2024-09-23,1.265147175727259,-0.3260393772990811,2.860336639462152,1.0,Clothing
2024-09-24,1.25788860490311,-0.3889627539172076,2.811161206463726,5.0,Clothing
2024-09-25,1.4399983814150406,-0.19696013369320187,2.9784618454369864,2.0,Clothing
2024-09-26,1.1245088376275498,-0.3395078712268598,2.7992201276504467,4.0,Clothing
2024-09-27,1.2876362708471378,-0.300320558613254,2.910399885018083,1.0,Clothing
2024-09-28,1.3468466473542484,-0.1774232872826541,2.961744729647401,3.0,Clothing
2024-09-29,1.3073084577809497,-0.35430527072353246,2.948911644929942,0.0,Clothing
2024-09-30,1.1243721292843898,-0.40299385573603946,2.6338690270606064,0.0,Clothing
2024-10-01,1.1248698292892552,-0.41023998523533056,2.685583787176544,2.0,Clothing
2024-10-02,1.316163561270805,-0.31448424591254476,2.787888898556281,3.0,Clothing
2024-10-03,1.012982108955804,-0.6721033618358664,2.6181789789526837,0.0,Clothing
2024-10-04,1.1890376968831562,-0.2974588238457467,2.884542905578608,2.0,Clothing
2024-10-05,1.2631714995710828,-0.29322176986277393,2.7588989798682464,1.0,Clothing
2024-10-06,1.240420189179021,-0.43966163578206724,2.8442609569720436,2.0,Clothing
2024-10-07,1.0760933215973971,-0.5175388807020386,2.557787960309935,0.0,Clothing
2024-10-08,1.096013963608457,-0.3595098208303857,2.6168362971803543,0.0,Clothing
2024-10-09,1.3073029523574546,-0.21223741778330865,2.8635238990337215,0.0,Clothing
2024-10-10,1.0261573603776524,-0.5752016106694244,2.4937163420727146,0.0,Clothing
2024-10-11,1.223555425752227,-0.18273976919204946,2.9303752498901,0.0,Clothing
2024-10-12,1.3194878596566162,-0.2623292715859382,2.8649321231237543,0.0,Clothing
2024-10-13,1.3186444930845138,-0.29207505655208466,2.840490030334489,0.0,Clothing
2024-10-14,1.1760962688286578,-0.37385411545933833,2.6661476289379986,2.0,Clothing
2024-10-15,1.216483345145329,-0.33994817594600063,2.815668290299251,1.0,Clothing
2024-10-16,1.4465419794962702,-0.08465773710320784,3.133672143877648,1.0,Clothing
2024-10-17,1.183830566058719,-0.45836157900184565,2.732356309099704,3.0,Clothing
2024-10-18,1.3965282659253628,-0.18229344651994037,3.0135438476608725,1.0,Clothing
2024-10-19,1.5057567210169354,-0.0060174738352296395,3.1023703631980593,3.0,Clothing
2024-10-20,1.5158904020052413,0.00817116365833142,3.0642613131894265,1.0,Clothing
2024-10-21,1.381845643210613,-0.22576181464206255,2.9155667592956322,0.0,Clothing
2024-10-22,1.4272173652351992,-0.06457601836471999,2.9291543226545405,1.0,Clothing
2024-10-23,1.6585483361702906,0.08348931097266536,3.1819158404613157,1.0,Clothing
2024-10-24,1.3950010894316465,-0.16436463787389405,3.001301685778522,1.0,Clothing
2024-10-25,1.602247101780798,0.050633777920050166,3.152853702186876,1.0,Clothing
2024-10-26,1.7028743296437152,0.10838893739495092,3.27213930391103,3.0,Clothing
2024-10-27,1.7013153140777413,0.16936034838107444,3.2092649343950423,4.0,Clothing
2024-10-28,1.5527360680038447,0.10326045452875134,3.07157379120571,2.0,Clothing
2024-10-29,1.5801131345220807,-0.06043629024810004,3.0133153639603405,2.0,Clothing
2024-10-30,1.7902360395582775,0.26220416996284357,3.2916877381807677,2.0,Clothing
2024-10-31,1.5043152228335244,-0.05518444665132866,3.0183203864612285,0.0,Clothing
2024-11-01,1.6859514626769212,0.0857928646350362,3.196066380202063,4.0,Clothing
2024-11-02,1.7596187663455796,0.26338510831830414,3.3429390726076065,2.0,Clothing
2024-11-03,1.730199874460895,0.09395879396617486,3.133750301801351,0.0,Clothing
2024-11-04,1.5534650360084892,-0.03628310672715583,3.1026782798675345,1.0,Clothing
2024-11-05,1.5520801087783453,0.014673631471698407,3.1524925345497974,0.0,Clothing
2024-11-06,1.7333338466812167,0.1388800575206226,3.3818895959987327,2.0,Clothing
2024-11-07,1.4206746695268708,-0.052521294276575,2.946882736748908,3.0,Clothing
2024-11-08,1.5757545608971428,-0.007501439747254512,3.0782333720581505,2.0,Clothing
2024-11-09,1.6249831232158498,0.11195481657581997,3.186070688296492,1.0,Clothing
2024-11-10,1.5736680206874125,0.05904312007123348,3.16320030424078,2.0,Clothing
2024-11-11,1.3780830083902484,-0.33073461640393453,3.026671307580125,0.0,Clothing
2024-11-12,1.3604083190093592,-0.09199859301451062,2.9884414432444966,2.0,Clothing
2024-11-13,1.5281859069634098,-0.14452941181816892,3.0600798737657104,1.0,Clothing
2024-11-14,1.2067900057844934,-0.28379546962710095,2.754317462099723,1.0,Clothing
2024-11-15,1.35555217266954,-0.05397980734328114,2.9733183365516735,1.0,Clothing
2024-11-16,1.4023947563974464,-0.062372318938345585,2.909001558750086,0.0,Clothing
2024-11-17,1.3525859061701897,-0.2622717294534385,2.885453043728474,0.0,Clothing
2024-11-18,1.1624076262463194,-0.41563329007215144,2.7805014574773006,1.0,Clothing
2024-11-19,1.153040095429608,-0.4761961049185838,2.7739611573732548,0.0,Clothing
2024-11-20,1.3317570934767982,-0.1272775126263609,2.902089394196825,0.0,Clothing
2024-11-21,1.0253428358668806,-0.5155744050962145,2.628818571371443,1.0,Clothing
2024-11-22,1.1903105940010172,-0.4215168211424856,2.759577998825405,1.0,Clothing
2024-11-23,1.2556276177005796,-0.29745799190378086,2.8011573920938195,0.0,Clothing
2024-11-24,1.2260960456362546,-0.2756377582863673,2.8487614861532697,2.0,Clothing
2024-11-25,1.0576313129504413,-0.4150155805488929,2.636094662267301,2.0,Clothing
2024-11-26,1.0700994455177357,-0.536990386044396,2.6727814465209363,2.0,Clothing
2024-11-27,1.270260181049557,-0.24045337313819967,2.6876289405762486,3.0,Clothing
2024-11-28,0.9861358597376171,-0.5820954109197654,2.5464898626642998,1.0,Clothing
2024-11-29,1.1713275062176922,-0.35945723889554715,2.7904402088580906,0.0,Clothing
2024-11-30,1.2558330923988994,-0.28597243061825117,2.7456670804076353,1.0,Clothing
2024-12-01,1.244054180659723,-0.2814164596680717,2.8556687230382383,1.0,Clothing
2024-12-02,1.0916824623396408,-0.4582812009533144,2.5887709723816497,4.0,Clothing
2024-12-03,1.1174858084011763,-0.39332349055590937,2.5652447388533908,2.0,Clothing
2024-12-04,1.3279929820126104,-0.2551059559250591,2.810796050226827,0.0,Clothing
2024-12-05,1.0528067598989446,-0.47809202401217277,2.6867403253916162,1.0,Clothing
2024-12-06,1.2430081390220509,-0.32883231590073864,2.8302144737491206,0.0,Clothing
2024-12-07,1.330057342330209,-0.10299029760546183,2.944255015951263,0.0,Clothing
2024-12-08,1.3184146230465394,-0.20842595452563925,2.96545126437763,0.0,Clothing
2024-12-09,1.164022700926275,-0.4625898270198562,2.7318725387306797,3.0,Clothing
2024-12-10,1.185029005717185,-0.4151271998860514,2.7729276436026944,1.0,Clothing
2024-12-11,1.3881994268932418,-0.15988506472334843,2.8276747697470093,0.0,Clothing
2024-12-12,1.1051634600313776,-0.5121923929876753,2.532079185698761,1.0,Clothing
2024-12-13,1.284895010451121,-0.28082926864649366,2.8751846026686287,0.0,Clothing
2024-12-14,1.3606856022856522,-0.1650769030892615,2.902283464132447,0.0,Clothing
2024-12-15,1.3373700748149095,-0.10479785439554724,2.873876494003869,1.0,Clothing
2024-12-16,1.1713971647967092,-0.45211960795045547,2.7418835462671427,0.0,Clothing
2024-12-17,1.1804819125635635,-0.36179222905629765,2.6368766260947907,0.0,Clothing
2024-12-18,1.3717442964399562,-0.21969719768320617,2.9647071792724566,1.0,Clothing
2024-12-19,1.0788842328243742,-0.41415732890026974,2.695464222454497,2.0,Clothing
2024-12-20,1.2487388349229478,-0.3150147289055051,2.6514363752021954,1.0,Clothing
2024-12-21,1.3163297043459519,-0.20492485264459057,2.7888423163882505,1.0,Clothing
2024-12-22,1.2866973551987486,-0.2559165609981816,2.7626084364048755,2.0,Clothing
2024-12-23,1.1165656157704216,-0.377856741736301,2.6211550141433873,1.0,Clothing
2024-12-24,1.1229315384460368,-0.38142398269776573,2.6830010599546195,1.0,Clothing
2024-12-25,1.3129377121681027,-0.3500770301277082,2.7529470225197854,2.0,Clothing
2024-12-26,1.0219871064415476,-0.5226933448404861,2.6049384114367093,0.0,Clothing
2024-12-27,1.1943876844527823,-0.4406057176730613,2.7705843571775945,1.0,Clothing
2024-12-28,1.2664852736311987,-0.2885119111011656,2.8102102947696266,2.0,Clothing
2024-12-29,1.2431184839096112,-0.36245131204805503,2.8373546211492577,0.0,Clothing
2024-12-30,1.0808886320429116,-0.4454633564937267,2.6052662395011916,1.0,Clothing
2024-12-31,1.0956984659011026,-0.611887333858712,2.6658491561536115,,Clothing
2025-01-01,1.2943687560903938,-0.24369615688617355,2.9449148051274348,,Clothing
2025-01-02,1.013702580723636,-0.5531732757590265,2.5389334153369103,,Clothing
2025-01-03,1.1952256206931915,-0.39436026132307833,2.7164057485841084,,Clothing
2025-01-04,1.2764114407265565,-0.23001606965911586,2.7971988171202216,,Clothing
2025-01-05,1.261762053763952,-0.1768138182081912,2.750165365094062,,Clothing
2025-01-06,1.1076867058320143,-0.4281512738766835,2.7592130908628394,,Clothing
2025-01-07,1.12899085672676,-0.44234350491169705,2.632047436311304,,Clothing
2025-01-08,1.3322365696461347,-0.21343102333014619,2.9148876196855538,,Clothing
2025-01-09,1.0557538602395433,-0.45021990131762096,2.6836116206630147,,Clothing
2025-01-10,1.238472484254385,-0.37368922925358083,2.7752437102561207,,Clothing
2025-01-11,1.319233759399,-0.24845331925139139,2.8918925325151785,,Clothing
2025-01-12,1.302489407064858,-0.21433023971033088,2.8623250768367217,,Clothing
2025-01-13,1.1447805526447703,-0.42261267695075655,2.6696313235627174,,Clothing
2025-01-14,1.1601672991730463,-0.3789196672566101,2.6569058495109132,,Clothing
2025-01-15,1.3553225188979559,-0.23609155376219085,2.8695982725156446,,Clothing
2023-01-01,1.6027963336946858,0.13402420587569353,3.14247374548185,2.0,Electronics
2023-01-02,1.5223477353208654,0.04317631493900374,3.0966825070719173,4.0,Electronics
2023-01-03,1.5075465676841997,-0.011266653607655502,3.110956627558877,2.0,Electronics
2023-01-04,1.3654143514797652,-0.16463729420715859,3.0865167833343534,3.0,Electronics
2023-01-05,1.4423980589432706,-0.042807281717440734,2.935321711448584,2.0,Electronics
2023-01-06,1.588181433049616,0.029930708415259546,3.157296577168783,3.0,Electronics
2023-01-07,1.6809296847063733,0.2022601153834709,3.19058362987225,0.0,Electronics
2023-01-08,1.5321468957893656,0.0032237305868006655,2.998022657997971,0.0,Electronics
2023-01-09,1.4566753683087923,-0.030389449023992647,3.0317956438668996,0.0,Electronics
2023-01-10,1.4470298248294984,0.061337056918119394,2.8921287887107825,1.0,Electronics
2023-01-11,1.3101636929960698,-0.23463541740843602,2.827578274859386,1.0,Electronics
2023-01-12,1.392276179148753,-0.10164617970303154,2.934890710757205,1.0,Electronics
2023-01-13,1.5430305629211236,0.06396970106140547,3.1086652789049607,0.0,Electronics
2023-01-14,1.6405916374375658,0.21522617501355476,3.1446279369691,1.0,Electronics
2023-01-15,1.4965179102784356,-0.04192480044672389,2.949567532787962,3.0,Electronics
2023-01-16,1.425533444014522,-0.18750988476234864,2.9663166961430156,1.0,Electronics
2023-01-17,1.4201813497671896,-0.030264014367728936,2.971831212518209,2.0,Electronics
2023-01-18,1.2875308693295975,-0.24468537983134064,2.7477414157368694,2.0,Electronics
2023-01-19,1.3736938618334376,-0.20421258080805813,2.784456014652185,1.0,Electronics
2023-01-20,1.528443464933543,-0.023238221131939813,3.0007275427736393,2.0,Electronics
2023-01-21,1.6300392550753164,0.13441135310614316,3.099546538003099,1.0,Electronics
2023-01-22,1.4901509727237172,-0.016975427974513256,3.0275891951692304,0.0,Electronics
2023-01-23,1.4234014261354235,-0.17479815312704314,2.8820292858696477,0.0,Electronics
2023-01-24,1.4223397218952971,-0.15083497310192,2.983436559197908,3.0,Electronics
2023-01-25,1.2940914166307844,-0.21933003168448048,2.788877074447654,2.0,Electronics
2023-01-26,1.3845884051096693,-0.07307073679375749,2.889540879482324,0.0,Electronics
2023-01-27,1.5435934769740722,0.08327621619058809,3.1199075664025875,3.0,Electronics
2023-01-28,1.6493200340266156,0.023477684682497803,3.1457810335510286,2.0,Electronics
2023-01-29,1.5133952030860733,0.036085203195357934,2.882746179845089,0.0,Electronics
2023-01-30,1.4501823727936878,-0.1553197220316497,2.892653881347687,2.0,Electronics
2023-01-31,1.4520830903989794,-0.10335221873013145,2.9393044462569233,2.0,Electronics
2023-02-01,1.3261392100423237,-0.3108239319981722,2.903136796329375,2.0,Electronics
2023-02-02,1.4179847432123702,-0.09827008514940022,2.8646841965089482,2.0,Electronics
2023-02-03,1.5772841542569194,0.09038951143490365,3.094305619133104,4.0,Electronics
2023-02-04,1.682153431042221,0.0611058738415958,3.23029457775676,1.0,Electronics
2023-02-05,1.5441680425863038,-0.005025854572032199,3.096782167854184,1.0,Electronics
2023-02-06,1.4774689802888523,0.14663634722621866,3.0229418899153515,3.0,Electronics
2023-02-07,1.4743954158210608,0.02568576084593955,2.9547718861761125,1.0,Electronics
2023-02-08,1.342039036049718,-0.14560675861579248,2.881893829117967,1.0,Electronics
2023-02-09,1.4259160812559448,0.016087054396860218,2.9654116021337993,1.0,Electronics
2023-02-10,1.5758156507491214,0.0369749323065665,3.0782637784833584,2.0,Electronics
2023-02-11,1.6700165266102724,0.20597851611161194,3.0772631513553828,2.0,Electronics
2023-02-12,1.5203326558546222,0.0021312523975293577,2.9600230014660553,0.0,Electronics
2023-02-13,1.4409938728987766,-0.028074710167721513,2.8990033946863027,1.0,Electronics
2023-02-14,1.4245992680819362,-0.05772140573889426,2.8997226348571186,1.0,Electronics
2023-02-15,1.2786127571856134,-0.230606089076956,2.811695936422372,0.0,Electronics
2023-02-16,1.3487438191834673,-0.08950089152743487,2.884110383306302,1.0,Electronics
2023-02-17,1.4851941806659676,-0.12482678240888051,2.949178933993555,1.0,Electronics
2023-02-18,1.5666590263829951,0.06987234434453933,3.1469678258208416,0.0,Electronics
2023-02-19,1.405399313678325,-0.0532299476467037,3.079694070890703,3.0,Electronics
2023-02-20,1.3158875545634454,-0.21902864081891368,2.8924345437467833,1.0,Electronics
2023-02-21,1.2910737140012145,-0.23842400431792474,2.8818482258019893,3.0,Electronics
2023-02-22,1.138815604733116,-0.42624370315905374,2.6053733769397724,1.0,Electronics
2023-02-23,1.204963966401447,-0.17518683479455366,2.7015423382303667,1.0,Electronics
2023-02-24,1.3400054399855756,-0.23351364839860117,2.895411317397009,1.0,Electronics
2023-02-25,1.42284849322286,-0.05046830877168209,2.9743001818070627,1.0,Electronics
2023-02-26,1.2659253840458673,-0.2159901090903486,2.9101310734192096,0.0,Electronics
2023-02-27,1.1836082981644696,-0.2680688535742151,2.6387729492111025,1.0,Electronics
2023-02-28,1.1687954613048976,-0.33366759253421086,2.671937546806282,0.0,Electronics
2023-03-01,1.0292862598038104,-0.4001186290104858,2.443777710544828,0.0,Electronics
2023-03-02,1.110582529116114,-0.33396625248845724,2.6392729309955616,0.0,Electronics
2023-03-03,1.262941334452502,-0.3231613656648782,2.7163080844006027,1.0,Electronics
2023-03-04,1.364960394312309,-0.20391964893641,2.8823353209866864,2.0,Electronics
2023-03-05,1.228725310996638,-0.41027766606525623,2.8062000533022418,3.0,Electronics
2023-03-06,1.1680120464409514,-0.30006282967940595,2.61468853632717,3.0,Electronics
2023-03-07,1.1752091014029455,-0.4033881700587513,2.6594355044074476,0.0,Electronics
2023-03-08,1.057652581892746,-0.43450761090389745,2.635124881399115,1.0,Electronics
2023-03-09,1.1601577878684477,-0.37825787229497804,2.642351707421782,4.0,Electronics
2023-03-10,1.3324942880044595,-0.24589012607400934,2.8031367582091593,3.0,Electronics
2023-03-11,1.4527812908563005,-0.05873059755795451,2.956712313647386,2.0,Electronics
2023-03-12,1.332688170599355,-0.19688298626630013,2.8668100613798226,0.0,Electronics
2023-03-13,1.285428570732038,-0.14472825271469605,2.7674308727107757,0.0,Electronics
2023-03-14,1.3030209608529182,-0.19876733477674305,2.739785272165592,1.0,Electronics
2023-03-15,1.1925828266569358,-0.3083466275515908,2.6539910159051967,2.0,Electronics
2023-03-16,1.2985885420712526,-0.2914908558768892,2.640065327099762,2.0,Electronics
2023-03-17,1.4707595622827245,-0.1486702009544873,2.950462127082697,0.0,Electronics
2023-03-18,1.5872595401563294,0.08244387527742583,3.0995248973439264,1.0,Electronics
2023-03-19,1.4599351467701847,-0.14550056654665253,2.887367952272042,4.0,Electronics
2023-03-20,1.4020863230973561,-0.12154008894110312,2.9122114857398205,3.0,Electronics
2023-03-21,1.406047657245114,-0.05694963169245694,3.0251369020053462,0.0,Electronics
2023-03-22,1.2794225367879428,-0.4042657297496757,2.9050710669038358,1.0,Electronics
2023-03-23,1.3670470724342434,-0.08747267177699497,2.8089325395539717,0.0,Electronics
2023-03-24,1.5192746842364455,-0.031655084035835966,3.114712317486,3.0,Electronics
2023-03-25,1.6149503501431215,0.15825769386129046,3.1253395104899564,0.0,Electronics
2023-03-26,1.4666718357194084,-0.09251809381106889,3.0313503028149276,2.0,Electronics
2023-03-27,1.3883175430841903,-0.01721029116700602,2.9162859277063964,1.0,Electronics
2023-03-28,1.3729320733635413,-0.12920832457117723,2.9146980030104377,0.0,Electronics
2023-03-29,1.2288861582488886,-0.25852041358388017,2.7077835975705353,3.0,Electronics
2023-03-30,1.301535379297757,-0.11880989120403805,2.7514412952430494,0.0,Electronics
2023-03-31,1.4418912173462997,-0.052915968178000435,2.9222572099531186,2.0,Electronics
2023-04-01,1.5293701379546776,-0.04678719145454995,3.145880890322532,7.0,Electronics
2023-04-02,1.377074778030585,-0.08531919642755184,2.9059598197683325,3.0,Electronics
2023-04-03,1.2990828822121478,-0.13981446633226688,2.8460294912092774,1.0,Electronics
2023-04-04,1.2886444690694994,-0.2967445317370955,2.7385776332956127,0.0,Electronics
2023-04-05,1.1542787601939193,-0.49624410801385693,2.6585422034437216,0.0,Electronics
2023-04-06,1.2411424690428665,-0.2540595155467015,2.7197752839909555,1.0,Electronics
2023-04-07,1.4001052938020864,-0.1594529203560321,2.9112487964815834,2.0,Electronics
2023-04-08,1.5102945742589537,-0.012116528039387505,3.011786255762054,2.0,Electronics
2023-04-09,1.3844193850556223,-0.0822062148103176,2.7819148895696917,1.0,Electronics
2023-04-10,1.3358451103597686,-0.19849086734670343,2.807363051355472,0.0,Electronics
2023-04-11,1.3571276959390008,-0.010862368867164086,2.853254075190386,2.0,Electronics
2023-04-12,1.2560732763529345,-0.21239515357375685,2.779884943126496,1.0,Electronics
2023-04-13,1.3768412256778357,-0.0956716017957793,2.875523999354259,1.0,Electronics
2023-04-14,1.5694480489914413,0.04278894351760864,2.9780862557157937,2.0,Electronics
2023-04-15,1.712129623280448,0.286408695930964,3.192159834749962,1.0,Electronics
2023-04-16,1.6167276071513477,0.08380352407281873,3.094363644741993,1.0,Electronics
2023-04-17,1.5955658623287632,0.17915723384952265,3.044272383486542,1.0,Electronics
2023-04-18,1.6403342823968428,0.1652626523945799,3.1033260067024204,2.0,Electronics
2023-04-19,1.5581194721677214,0.051949467767074514,3.051822967353045,3.0,Electronics
2023-04-20,1.6922464684990068,0.20116207150798424,3.2776521187943506,1.0,Electronics
2023-04-21,1.8922103071327068,0.3921710917808685,3.488895129672687,0.0,Electronics
2023-04-22,2.0358504337854266,0.4995105443418373,3.5209032872448573,1.0,Electronics
2023-04-23,1.9347893994825784,0.5130580273458384,3.4589626381752923,3.0,Electronics
2023-04-24,1.9010966861057073,0.44546662297710243,3.3294913471999057,3.0,Electronics
2023-04-25,1.9265035896558134,0.364800132722793,3.4043513388747577,1.0,Electronics
2023-04-26,1.818382802450337,0.3019301955455123,3.3996108052586838,1.0,Electronics
2023-04-27,1.920303588617504,0.46589267234701554,3.3704132406485363,2.0,Electronics
2023-04-28,2.082363398558936,0.4754832081180895,3.6639149162384235,2.0,Electronics
2023-04-29,2.1831451420444146,0.623017314505356,3.7042594337135406,0.0,Electronics
2023-04-30,2.035177967855501,0.4227661353866115,3.5253802184554712,1.0,Electronics
2023-05-01,1.9513582217138812,0.4467304302749646,3.4198517371500126,3.0,Electronics
2023-05-02,1.9244658775210632,0.33381340786826225,3.5267290644501528,3.0,Electronics
2023-05-03,1.7630651046290307,0.16288571022854298,3.311853030703047,3.0,Electronics
2023-05-04,1.8117473573427658,0.34313552330827324,3.387888616466073,1.0,Electronics
2023-05-05,1.9218406080593329,0.4452777466089279,3.457523817881786,3.0,Electronics
2023-05-06,1.973130816087385,0.407147492664203,3.4781922123765043,2.0,Electronics
2023-05-07,1.7793304456899024,0.129679289884841,3.2466295830390726,2.0,Electronics
2023-05-08,1.6542469722686173,0.10894100903547746,3.117827784625588,2.0,Electronics
2023-05-09,1.5915963536292976,0.18074984096090424,3.1502621697169126,1.0,Electronics
2023-05-10,1.4008253264446149,-0.2225734300338484,3.038062709265141,1.0,Electronics
2023-05-11,1.4270484389677849,-0.034645900880652114,2.936471733771919,1.0,Electronics
2023-05-12,1.5221461022863756,0.012923606694580854,3.023822321124578,3.0,Electronics
2023-05-13,1.5662663671979482,0.11183862547864853,3.060497893035157,2.0,Electronics
2023-05-14,1.373321808872503,-0.022390923395340843,2.8959086191669434,0.0,Electronics
2023-05-15,1.256930200619764,-0.333508789941124,2.758072348805121,1.0,Electronics
2023-05-16,1.210552995959483,-0.2616583600160822,2.599193138167767,0.0,Electronics
2023-05-17,1.0432699391920337,-0.5091282366498384,2.4851045875598556,1.0,Electronics
2023-05-18,1.099442425196103,-0.3678095124922778,2.5981275114546003,1.0,Electronics
2023-05-19,1.2302336804657241,-0.2595863254793583,2.78700280077272,2.0,Electronics
2023-05-20,1.314924186678504,-0.13091280872374006,2.8559926789173775,1.0,Electronics
2023-05-21,1.1664693853172943,-0.41077972986240696,2.681350619662427,0.0,Electronics
2023-05-22,1.0972431986833917,-0.35959730068625434,2.5251927335203694,0.0,Electronics
2023-05-23,1.0995295819795408,-0.4780316686731117,2.625898380869008,1.0,Electronics
2023-05-24,0.9812741063463374,-0.4229435904367374,2.472960905400812,0.0,Electronics
2023-05-25,1.0854942122870421,-0.3820576751409536,2.583707388046555,0.0,Electronics
2023-05-26,1.262237419541685,-0.25955270176424733,2.822191812622766,5.0,Electronics
2023-05-27,1.3897211664928655,-0.1986090212516625,2.9453474167566003,1.0,Electronics
2023-05-28,1.2799566683398869,-0.19678166776774939,2.8836565066883173,0.0,Electronics
2023-05-29,1.244295010551408,-0.319403719550704,2.706126679466626,3.0,Electronics
2023-05-30,1.274265881452568,-0.3312958055829367,2.7700166373762505,1.0,Electronics
2023-05-31,1.1772947634865023,-0.4396722963745203,2.725027284835983,0.0,Electronics
2023-06-01,1.2958435390417542,-0.2245659455340234,2.826509918530562,0.0,Electronics
2023-06-02,1.4797854513150237,-0.13093894991255373,2.933818022154155,3.0,Electronics
2023-06-03,1.6073439180303108,0.12151296229455098,3.070556215902245,2.0,Electronics
2023-06-04,1.4907536261129144,0.011209236968224696,2.866913509023516,1.0,Electronics
2023-06-05,1.441577595637291,-0.0624649848114403,2.9039507248511973,1.0,Electronics
2023-06-06,1.4518596695400134,-0.15906381206362885,2.9245477556014183,2.0,Electronics
2023-06-07,1.3297729860210115,-0.3379471166609138,2.8248495508521168,1.0,Electronics
2023-06-08,1.4184566505694811,-0.021410148974651055,2.81588662911258,2.0,Electronics
2023-06-09,1.5687741479127648,0.161800137078185,3.135524828728682,3.0,Electronics
2023-06-10,1.6600197362221785,0.1438607348801859,3.2299327994117975,4.0,Electronics
2023-06-11,1.505588158842,0.05420803715694544,2.9714502293321905,1.0,Electronics
2023-06-12,1.4180376263211725,-0.11111919322736577,2.926443348327971,2.0,Electronics
2023-06-13,1.3905352717441095,-0.056442054201987404,2.936079623909408,3.0,Electronics
2023-06-14,1.232420950391763,-0.32808297308563694,2.751867910805335,1.0,Electronics
2023-06-15,1.2877293034844264,-0.1579674762040614,2.8703455005634777,2.0,Electronics
2023-06-16,1.4083265215061604,-0.0413761474510251,2.9400329145074147,1.0,Electronics
2023-06-17,1.4743849333734471,0.04750195287098358,2.9931688565033694,1.0,Electronics
2023-06-18,1.3000676441049004,-0.24635166081691096,2.717112016499809,1.0,Electronics
2023-06-19,1.1983492584457638,-0.24286480045076453,2.7603419903518365,1.0,Electronics
2023-06-20,1.1627713072240655,-0.4627268401714189,2.729048082314888,0.0,Electronics
2023-06-21,1.002943081321807,-0.4727160389859773,2.524333987283608,0.0,Electronics
2023-06-22,1.0627748852314645,-0.3480748476461248,2.7038428263178864,1.0,Electronics
2023-06-23,1.1940223148886,-0.3049400376496354,2.7696851761426937,2.0,Electronics
2023-06-24,1.2765607489242912,-0.2185092444769711,2.7835816706434087,1.0,Electronics
2023-06-25,1.1241182712201656,-0.4275976385779886,2.6276525767815224,0.0,Electronics
2023-06-26,1.0488882080661153,-0.5023628041682102,2.5956873019117173,2.0,Electronics
2023-06-27,1.0436283510964377,-0.3847382967643426,2.658543232075206,0.0,Electronics
2023-06-28,0.9171314530007656,-0.5417572282430623,2.4627298962685487,3.0,Electronics
2023-06-29,1.0122001817060118,-0.43034204006816823,2.4801571597246608,0.0,Electronics
2023-06-30,1.1796264483563044,-0.4011669844981027,2.7163096434781915,1.0,Electronics
2023-07-01,1.2982895865642805,-0.217007896096725,2.7603675671043293,0.0,Electronics
2023-07-02,1.180956927399043,-0.3295498938546935,2.781116517928829,1.0,Electronics
2023-07-03,1.138702555554208,-0.4554918817665084,2.621785416030004,2.0,Electronics
2023-07-04,1.1633593685495955,-0.28379354658768874,2.7037112369145073,0.0,Electronics
2023-07-05,1.0629626581301614,-0.3889444738472821,2.6804223438003025,2.0,Electronics
2023-07-06,1.1794644771186547,-0.37987168291885526,2.702535614298647,0.0,Electronics
2023-07-07,1.3631400909370235,-0.12995487454083948,2.819869090257732,0.0,Electronics
2023-07-08,1.492496505742237,0.04244290529248257,3.015183975496551,2.0,Electronics
2023-07-09,1.3801223273077325,-0.06131492717758716,2.9136254607076864,3.0,Electronics
2023-07-10,1.3368898617565486,-0.15457521219419357,2.9036182564237576,1.0,Electronics
2023-07-11,1.3547332869705901,-0.23397661292684618,2.833019966282429,3.0,Electronics
2023-07-12,1.2420355014765045,-0.2650182167905017,2.654339062234591,0.0,Electronics
2023-07-13,1.3410498474365649,-0.22506447741244265,2.905716214139403,0.0,Electronics
2023-07-14,1.5027003015233424,-0.046585828684302194,3.098133114959608,3.0,Electronics
2023-07-15,1.6062665890403651,0.10518742456357624,3.1030623137869293,0.0,Electronics
2023-07-16,1.465250149789764,-0.0333914597197217,2.987852517972261,5.0,Electronics
2023-07-17,1.3913279366006923,-0.11615711386353608,2.8986776209742184,1.0,Electronics
2023-07-18,1.3774274847951127,-0.1309938725777585,2.945962385822807,3.0,Electronics
2023-07-19,1.2330310804748106,-0.22685748921315363,2.7529967950591034,0.0,Electronics
2023-07-20,1.3012828962531993,-0.07263625519622081,2.902579373368244,1.0,Electronics
2023-07-21,1.4341656126315185,-0.11746715333981429,2.9100730586095054,2.0,Electronics
2023-07-22,1.5119499379643009,-0.13324791066562716,3.104591650812478,1.0,Electronics
2023-07-23,1.3490699804334074,-0.1623123625521248,2.782079477856225,1.0,Electronics
2023-07-24,1.2578277175542127,-0.3050684832082449,2.7357282683520463,1.0,Electronics
2023-07-25,1.2317696447491937,-0.3170449930797801,2.811244944547568,1.0,Electronics
2023-07-26,1.080918523728986,-0.4686381895422757,2.692759854994114,2.0,Electronics
2023-07-27,1.1485814847827698,-0.33603078750558274,2.756969246855202,0.0,Electronics
2023-07-28,1.2869234886529342,-0.1661811245459506,2.8286374333101696,2.0,Electronics
2023-07-29,1.3762059438821916,-0.16129563841432085,2.9075051099000997,0.0,Electronics
2023-07-30,1.230699761436235,-0.2860711717231296,2.84360304518456,1.0,Electronics
2023-07-31,1.1621715585008385,-0.32626646720797414,2.7071513998551255,1.0,Electronics
2023-08-01,1.1635948584763394,-0.3945716621693628,2.61976680825485,0.0,Electronics
2023-08-02,1.044343368781142,-0.43942755362271424,2.511535534577403,1.0,Electronics
2023-08-03,1.1467340158444084,-0.3415616711733538,2.690661634397358,2.0,Electronics
2023-08-04,1.3220302693539538,0.008646108030025024,2.852397368725935,2.0,Electronics
2023-08-05,1.449500999853652,0.023877468452098705,2.959256172990902,0.0,Electronics
2023-08-06,1.3423995979597514,-0.19978144592232536,2.830141961483722,5.0,Electronics
2023-08-07,1.3112567291562982,-0.1849194895824229,2.8458904260912634,0.0,Electronics
2023-08-08,1.3479466327398033,-0.2747432735488827,3.003744991493591,2.0,Electronics
2023-08-09,1.26085762392835,-0.2211291077917569,2.8372316369078447,0.0,Electronics
2023-08-10,1.3911804568760464,-0.1832267169926634,2.887982812740207,1.0,Electronics
2023-08-11,1.589346309458489,0.1649361654428227,3.056617116412985,2.0,Electronics
2023-08-12,1.7339049423269075,0.18281234917453587,3.225479738392569,3.0,Electronics
2023-08-13,1.637563228447893,-0.0032033117550377367,3.156029323820364,1.0,Electronics
2023-08-14,1.6102722715588988,0.03382229555028706,2.9994479663062927,2.0,Electronics
2023-08-15,1.643631421596217,0.06670867588624434,3.1397134065152823,4.0,Electronics
2023-08-16,1.546013907292974,0.036877953945192325,3.1140553044088564,2.0,Electronics
2023-08-17,1.6585743380256435,0.24750913107248812,3.1766180706606275,5.0,Electronics
2023-08-18,1.832091795127807,0.39738780977774313,3.340345107072744,0.0,Electronics
2023-08-19,1.9456288970698625,0.39706883365988216,3.5071152921691184,1.0,Electronics
2023-08-20,1.812615764034921,0.25341053217048315,3.272968717349072,5.0,Electronics
2023-08-21,1.7436758087246156,0.18570682343524583,3.143893820928085,0.0,Electronics
2023-08-22,1.731341159982733,0.23308439632552122,3.2719011347776705,0.0,Electronics
2023-08-23,1.5851034071077297,0.03533535184411856,2.989839384154998,2.0,Electronics
2023-08-24,1.6470984337282717,0.08258167532907709,3.3118611064173584,1.0,Electronics
2023-08-25,1.7693412954166905,0.23564024342883091,3.259893367427668,2.0,Electronics
2023-08-26,1.8321491616849455,0.4145633427777679,3.274854361004971,1.0,Electronics
2023-08-27,1.6502137452882812,0.07624941596127169,3.1781359845272568,3.0,Electronics
2023-08-28,1.535176325107015,0.043802671083474375,3.036654346936483,0.0,Electronics
2023-08-29,1.48065039430856,0.06967668627513271,3.046905265643628,2.0,Electronics
2023-08-30,1.297187681452812,-0.23423659158167728,2.770912942039674,1.0,Electronics
2023-08-31,1.3276369208358387,-0.18369812444711117,2.9416734398128885,2.0,Electronics
2023-09-01,1.4247866619873195,-0.16256332896423856,3.0731435946595975,1.0,Electronics
2023-09-02,1.4695524551303656,-0.04069017534816939,3.0514644459680493,0.0,Electronics
2023-09-03,1.2770753193385256,-0.23331315220834659,2.665816883809736,0.0,Electronics
2023-09-04,1.159051637004633,-0.5134578709304974,2.73972874332168,3.0,Electronics
2023-09-05,1.1090947617418527,-0.46476116891041874,2.6955215608025918,0.0,Electronics
2023-09-06,0.9376458197950794,-0.6096565428567576,2.3547141547393764,0.0,Electronics
2023-09-07,0.9870382306840073,-0.4711443109293111,2.4280510243460527,2.0,Electronics
2023-09-08,1.1095816824955171,-0.3841586138333819,2.628605188628556,1.0,Electronics
2023-09-09,1.1855472884574987,-0.2305171482748714,2.579747710653183,0.0,Electronics
2023-09-10,1.0293253789077281,-0.5032080299967554,2.49498354542933,2.0,Electronics
2023-09-11,0.9515421896033964,-0.4408355822229243,2.5779879033297752,0.0,Electronics
2023-09-12,0.9447901109137656,-0.5723182361489934,2.345790119796924,0.0,Electronics
2023-09-13,0.8185098992235887,-0.7111683530354397,2.248384972391025,2.0,Electronics
2023-09-14,0.9137838034588688,-0.5231401833013336,2.507869041118649,2.0,Electronics
2023-09-15,1.0818791746202843,-0.45000349153525115,2.6821571810306306,0.0,Electronics
2023-09-16,1.2020451875988676,-0.34739461885364337,2.711677824770816,3.0,Electronics
2023-09-17,1.0877383284685724,-0.3661491375055905,2.578624892849273,1.0,Electronics
2023-09-18,1.0485288253980445,-0.5109731470793047,2.5262682984162543,1.0,Electronics
2023-09-19,1.076197017958339,-0.38385178320091623,2.530119209478723,1.0,Electronics
2023-09-20,0.9795790937610059,-0.6232903645641231,2.4611101663847403,2.0,Electronics
2023-09-21,1.099075828981731,-0.4009076418344362,2.5596255267644286,1.0,Electronics
2023-09-22,1.2856381309084863,-0.26819371748665155,2.762205049707697,0.0,Electronics
2023-09-23,1.418353442539015,-0.07132212522221432,2.9631758337685747,1.0,Electronics
2023-09-24,1.3107135035037116,-0.1557130330240936,2.797512071388641,1.0,Electronics
2023-09-25,1.2722823003836707,-0.14061662418248572,2.9587279953454164,1.0,Electronics
2023-09-26,1.2951283431695713,-0.24668873744995382,2.737021080713286,1.0,Electronics
2023-09-27,1.1886025872189163,-0.34222670281868983,2.6684794755290535,2.0,Electronics
2023-09-28,1.2935312095748084,-0.2592669126919725,2.774754100716852,0.0,Electronics
2023-09-29,1.461612157876688,-0.16516257416333274,3.0373720803516466,0.0,Electronics
2023-09-30,1.5727618281002658,0.01207173265693618,3.086225341626075,0.0,Electronics
2023-10-01,1.4413980234583512,-0.13184201117104252,2.934439112562386,5.0,Electronics
2023-10-02,1.3778454279895813,-0.030078564857652337,2.9283516089336086,2.0,Electronics
2023-10-03,1.375083527126078,-0.28467850176579323,2.8413556096917825,3.0,Electronics
2023-10-04,1.2434407285639073,-0.3179861653266796,2.6012136925790608,0.0,Electronics
2023-10-05,1.3244598836534087,-0.27579088881809394,2.8141904621063447,3.0,Electronics
2023-10-06,1.4706995306385597,-0.11078726423271126,2.9696151090372593,0.0,Electronics
2023-10-07,1.5628396527366548,0.07853052122615767,3.056622284127201,3.0,Electronics
2023-10-08,1.415983755724856,-0.08197568609576182,3.0251573049371645,0.0,Electronics
2023-10-09,1.340810748576214,-0.23786954981527011,2.8069814552074375,0.0,Electronics
2023-10-10,1.3306520651189724,-0.07445913727635162,2.9717139960507777,3.0,Electronics
2023-10-11,1.196119793431357,-0.390426569086201,2.67563720782157,0.0,Electronics
2023-10-12,1.27866646621611,-0.16447713419057336,2.9218382761017443,2.0,Electronics
2023-10-13,1.4308155975718282,-0.17028425907723918,2.8923745957857148,2.0,Electronics
2023-10-14,1.5330534727450964,-0.029624029878802197,3.071775626921225,2.0,Electronics
2023-10-15,1.4001788642426032,-0.13146284705978456,2.9187764564729797,6.0,Electronics
2023-10-16,1.3422305847501026,-0.16072598474776914,2.815239922449432,2.0,Electronics
2023-10-17,1.3519229822144876,-0.18688861861337436,2.868247753267429,0.0,Electronics
2023-10-18,1.2392363273586702,-0.26468305686662086,2.7157451957112926,0.0,Electronics
2023-10-19,1.344697402429662,-0.12314840242384953,2.7495950527404984,1.0,Electronics
2023-10-20,1.5200633973710664,-0.03260101367342524,3.0615082125790254,0.0,Electronics
2023-10-21,1.6450206659224746,0.13818170466686924,3.251675762459441,0.0,Electronics
2023-10-22,1.5335993094795637,-0.05450314705466213,3.021019714471248,5.0,Electronics
2023-10-23,1.4948894611224475,0.03598823124808564,2.9967923018068436,2.0,Electronics
2023-10-24,1.5208436993697811,0.04300382359507877,2.925363996977084,1.0,Electronics
2023-10-25,1.420833512718889,-0.12328312589965296,2.942191278350538,0.0,Electronics
2023-10-26,1.5346497021247516,0.02345852823068872,3.073109110331842,2.0,Electronics
2023-10-27,1.71363390820424,0.18599341959804333,3.246028352257379,1.0,Electronics
2023-10-28,1.8371740545096389,0.3603274974806336,3.3803827953792305,0.0,Electronics
2023-10-29,1.7191692905825262,0.2041891525581595,3.125381441574439,1.0,Electronics
2023-10-30,1.6685167069113822,0.19247073531436754,3.2106671836257634,2.0,Electronics
2023-10-31,1.6772591179312675,0.24421295768345525,3.216062566430297,0.0,Electronics
2023-11-01,1.555083434311739,0.050873985009192844,3.04468953199123,2.0,Electronics
2023-11-02,1.6420147886695442,0.07728725355863023,3.1145855382208905,6.0,Electronics
2023-11-03,1.7899684295061267,0.1676643246684918,3.3414691594188732,2.0,Electronics
2023-11-04,1.8790141881416031,0.310708203755788,3.3683729792701644,4.0,Electronics
2023-11-05,1.7238644967415153,0.28111519644228555,3.2260466683579305,1.0,Electronics
2023-11-06,1.6341053913959223,-0.028881150987372258,3.2177137229267143,3.0,Electronics
2023-11-07,1.602665386107477,0.05538982948423047,3.151321156523001,1.0,Electronics
2023-11-08,1.4402340027393146,-0.06143969310944995,3.0072484414133207,0.0,Electronics
2023-11-09,1.4876309851258331,-0.05239108306116012,3.0242755914157025,0.0,Electronics
2023-11-10,1.5977635342097076,0.0827329768721417,3.0898571941631303,2.0,Electronics
2023-11-11,1.6516487693288935,0.17785712510528337,3.192538086779228,0.0,Electronics
2023-11-12,1.464918060359483,0.11645982690550596,2.982248510621982,2.0,Electronics
2023-11-13,1.3477899751208915,-0.14528526172609754,2.918118462646203,0.0,Electronics
2023-11-14,1.2938623411369747,-0.3582394125748842,2.682364181230567,0.0,Electronics
2023-11-15,1.1144573692392068,-0.3184446212550221,2.5804546189361193,0.0,Electronics
2023-11-16,1.1506765093128368,-0.2950788978358163,2.756954781418206,1.0,Electronics
2023-11-17,1.2557773622250528,-0.10813731347917949,2.729751735472802,2.0,Electronics
2023-11-18,1.3109718163931456,-0.16378830250834153,2.8264408472003546,0.0,Electronics
2023-11-19,1.1319671947419647,-0.2986454807180442,2.722417041604585,0.0,Electronics
2023-11-20,1.0287038687651702,-0.5418870459118024,2.602838953762392,2.0,Electronics
2023-11-21,0.9944947992192088,-0.5730637109950091,2.5959259053115913,0.0,Electronics
2023-11-22,0.8403224250769477,-0.6275556904760643,2.2969132577185896,1.0,Electronics
2023-11-23,0.9066045093501953,-0.7219812367431263,2.3977665397752776,2.0,Electronics
2023-11-24,1.0460155540171974,-0.44178789516200084,2.5413283735621874,0.0,Electronics
2023-11-25,1.1390842413248803,-0.3203132844073231,2.711696493068617,3.0,Electronics
2023-11-26,1.0007931971537434,-0.41322772164103555,2.5034904647794547,1.0,Electronics
2023-11-27,0.9401006751596466,-0.656364813429183,2.4238270585030617,2.0,Electronics
2023-11-28,0.9494440873880833,-0.6105804926784361,2.482820653097235,1.0,Electronics
2023-11-29,0.8390018719241017,-0.6199955262146667,2.3863015821195432,2.0,Electronics
2023-11-30,0.9481799386340696,-0.6388090087970398,2.4466457837846924,2.0,Electronics
2023-12-01,1.1288833940073002,-0.2776292202191892,2.683095492450444,1.0,Electronics
2023-12-02,1.2609152022407366,-0.308362314926404,2.764026610313455,2.0,Electronics
2023-12-03,1.1586326105167273,-0.3437534216752363,2.789913135590702,0.0,Electronics
2023-12-04,1.1302472102471688,-0.42912885378509646,2.668820540990367,6.0,Electronics
2023-12-05,1.167683260342233,-0.3573363760814998,2.65473215997369,0.0,Electronics
2023-12-06,1.0807921608380016,-0.5575127938971681,2.5044815403564606,0.0,Electronics
2023-12-07,1.2085443626477257,-0.29432871081121453,2.6700010036966204,1.0,Electronics
2023-12-08,1.4027339855604202,-0.13080754118782356,3.012786291729791,0.0,Electronics
2023-12-09,1.543159538627456,0.09928656573708197,3.07844353740467,1.0,Electronics
2023-12-10,1.4443166785209816,0.0013745954648032026,3.0036201586529265,0.0,Electronics
2023-12-11,1.4144557467787637,-0.10491746465488332,2.841403239196702,3.0,Electronics
2023-12-12,1.4457740114691104,-0.0717035896015549,2.962447984224196,3.0,Electronics
2023-12-13,1.3485624839836585,-0.12819023610485736,2.882600208299608,2.0,Electronics
2023-12-14,1.4620841946050764,-0.15027835772796513,2.9829998829012094,0.0,Electronics
2023-12-15,1.6386942763485277,0.10543165659773486,3.2058793152595078,1.0,Electronics
2023-12-16,1.758787433655585,0.33329100504139064,3.3927864909967393,2.0,Electronics
2023-12-17,1.6375142118200696,0.14641142368750568,3.1297806690850614,1.0,Electronics
2023-12-18,1.583585967725259,0.08166296484285189,3.004882932502417,1.0,Electronics
2023-12-19,1.5897939684081437,0.09984744456983767,3.107712080051146,1.0,Electronics
2023-12-20,1.4670845788858673,-0.027236310346864988,2.9419697012624346,3.0,Electronics
2023-12-21,1.5551230351409528,0.10793868230779886,2.973178035312759,2.0,Electronics
2023-12-22,1.7068311507404308,0.307703392711921,3.1718419908661284,1.0,Electronics
2023-12-23,1.8031065498948755,0.34658830761684173,3.5043178525035388,2.0,Electronics
2023-12-24,1.659570075836934,0.16785579521585006,3.18273627690991,1.0,Electronics
2023-12-25,1.585128115983765,-0.006946938004809792,3.006946133351986,0.0,Electronics
2023-12-26,1.5728303923858966,0.17618273774774876,3.01636050704782,2.0,Electronics
2023-12-27,1.433886843675208,-0.04947258283365517,3.0235893126224855,3.0,Electronics
2023-12-28,1.507931247635536,-0.09238984242430578,2.975361014406069,0.0,Electronics
2023-12-29,1.6479914551107318,0.1740854913097076,3.1351297852359044,3.0,Electronics
2023-12-30,1.7349953648053933,0.1343067609368029,3.1887412665126056,2.0,Electronics
2023-12-31,1.5845640538372452,0.06564973349827204,3.192959130946683,2.0,Electronics
2024-01-01,1.5053452060667374,-0.06255909764556317,3.0182807084674868,0.0,Electronics
2024-01-02,1.4902221084275475,-0.09814956979864235,3.074481995592848,4.0,Electronics
2024-01-03,1.3502831576025742,-0.10602374747476301,2.8433275347453453,0.0,Electronics
2024-01-04,1.424794392827179,-0.1312490043521699,2.9797923861002023,2.0,Electronics
2024-01-05,1.5666092294573348,0.11042926865293166,3.1793440116033373,1.0,Electronics
2024-01-06,1.6564659175204286,0.17063945281315043,3.254030331444795,1.0,Electronics
2024-01-07,1.5098288404132234,-0.18474537894593454,2.9339331335733374,0.0,Electronics
2024-01-08,1.4349932090202735,-0.17592010711719894,2.8837084461115046,0.0,Electronics
2024-01-09,1.4246432321887177,-0.0953204807687786,2.9539479118459977,1.0,Electronics
2024-01-10,1.2897701814292208,-0.13451620471982467,2.6587154696060464,0.0,Electronics
2024-01-11,1.369347955423326,-0.11592644920642703,2.881652385248132,2.0,Electronics
2024-01-12,1.5161749048950282,0.06044563958265487,3.1993870228995847,3.0,Electronics
2024-01-13,1.6109541585017422,0.10778486227108489,3.1388048801607513,4.0,Electronics
2024-01-14,1.4691736245264835,0.0021832386765786942,2.953132349539749,1.0,Electronics
2024-01-15,1.3989720145087152,-0.16351154172748172,2.8286645057785575,1.0,Electronics
2024-01-16,1.3930361659444899,-0.15295245275656597,2.8813216576715432,1.0,Electronics
2024-01-17,1.2624579360343793,-0.17403374794551624,2.749457403813537,4.0,Electronics
2024-01-18,1.3461037224585959,-0.17084908442973268,2.930750956504722,1.0,Electronics
2024-01-19,1.4968802854715135,0.10342053546019278,3.1190533061838255,2.0,Electronics
2024-01-20,1.5955911156587235,0.06254310730082191,3.078990913329632,1.0,Electronics
2024-01-21,1.45784981620346,-0.11150425739771187,3.031089533403238,2.0,Electronics
2024-01-22,1.3917038123831038,-0.11903698315050129,2.829944934436857,1.0,Electronics
2024-01-23,1.389868972595086,-0.08166762593377005,2.9397253865731496,1.0,Electronics
2024-01-24,1.2635253099933765,-0.2567898150342554,2.829561524675693,2.0,Electronics
2024-01-25,1.3513822452829758,-0.1090291834671035,2.763058084265874,0.0,Electronics
2024-01-26,1.506371925391983,-0.007181780523568905,3.060423014242204,1.0,Electronics
2024-01-27,1.6092866894162805,0.14690941263135512,3.1281174921714725,2.0,Electronics
2024-01-28,1.4757322295411337,-0.030244920134959597,2.9535277823763137,1.0,Electronics
2024-01-29,1.4135164620977814,-0.17129773518134755,3.011289698155296,1.0,Electronics
2024-01-30,1.415229695315107,-0.12192225566034369,2.914962482902542,1.0,Electronics
2024-01-31,1.2919878255654562,-0.19037825593212446,2.870231023887294,0.0,Electronics
2024-02-01,1.3822021153328765,-0.14279198873887375,2.831551346142757,0.0,Electronics
2024-02-02,1.5387085121286537,0.09972388145741097,3.1302265193003804,4.0,Electronics
2024-02-03,1.6421940967185962,0.1462238846428805,3.1963261725466796,5.0,Electronics
2024-02-04,1.5081969602761427,0.0233178121536046,3.082521145474152,0.0,Electronics
2024-02-05,1.4442659304715775,-0.05625064861010442,3.0219307381017235,2.0,Electronics
2024-02-06,1.4428904827545987,-0.02916448511112051,2.887280434207686,1.0,Electronics
2024-02-07,1.3151939296055306,-0.149900809099122,2.919736917835495,2.0,Electronics
2024-02-08,1.3994083726920925,-0.11915372643427477,2.854156262127744,1.0,Electronics
2024-02-09,1.5484387659092587,0.08436721880514889,3.1006850702147304,0.0,Electronics
2024-02-10,1.6430751679078965,0.11654593542593361,3.18069582477854,3.0,Electronics
2024-02-11,1.4990342984190932,-0.08608372589822828,2.898794925416319,1.0,Electronics
2024-02-12,1.4238833556766137,-0.11635760003768594,2.8979765545938077,2.0,Electronics
2024-02-13,1.410311377642184,-0.02306527022014289,2.9967537760672545,2.0,Electronics
2024-02-14,1.26976285713053,-0.36420993499289034,2.6972162404936504,1.0,Electronics
2024-02-15,1.3406073350112169,-0.13114446637264268,2.84048304261029,1.0,Electronics
2024-02-16,1.4761270572606604,-0.04559449005667131,2.8647408248314186,1.0,Electronics
2024-02-17,1.5575036439541188,0.028741268919826386,3.0162126531242115,2.0,Electronics
2024-02-18,1.4008900961640613,-0.15325756199269838,2.7727485493844477,1.0,Electronics
2024-02-19,1.3140880370283015,-0.06410259569115709,2.9098405664835543,0.0,Electronics
2024-02-20,1.2901508082555861,-0.30529440845978634,2.880661313127898,1.0,Electronics
2024-02-21,1.1409491198621962,-0.34687603598871064,2.6752362958282907,0.0,Electronics
2024-02-22,1.2050285507997474,-0.2808271400779487,2.656227615564876,1.0,Electronics
2024-02-23,1.3360160115313897,-0.2660629302257572,2.7927208190820925,4.0,Electronics
2024-02-24,1.415378215127946,-0.02241767976530744,2.9577822346889984,4.0,Electronics
2024-02-25,1.2595238572576213,-0.25708479007264173,2.683604310285976,3.0,Electronics
2024-02-26,1.1762364286825795,-0.4220893306310387,2.6870563768912943,0.0,Electronics
2024-02-27,1.1586136321497535,-0.4048496457167169,2.7039119828210985,1.0,Electronics
2024-02-28,1.0185720186794853,-0.5193065958186847,2.6026984051161217,1.0,Electronics
2024-02-29,1.094401566176197,-0.47284740832581174,2.5842402355523757,2.0,Electronics
2024-03-01,1.2396021115023546,-0.23487635300313067,2.758286105740572,1.0,Electronics
2024-03-02,1.3354264846183912,-0.05409610260135976,2.806788095472394,1.0,Electronics
2024-03-03,1.1980270607861456,-0.3038000994653192,2.596798864434022,2.0,Electronics
2024-03-04,1.1346592703028715,-0.3632059671133712,2.753546933776989,1.0,Electronics
2024-03-05,1.1379729355467436,-0.30218444902205277,2.6071217657685013,2.0,Electronics
2024-03-06,1.0194714886104426,-0.5465059088039583,2.5292785688381305,1.0,Electronics
2024-03-07,1.116778725679721,-0.46115844784695276,2.651400383150692,0.0,Electronics
2024-03-08,1.2829193204893166,-0.23014153536879103,2.742579645865772,0.0,Electronics
2024-03-09,1.3986592769490815,-0.16373357794996898,2.8819878969339983,2.0,Electronics
2024-03-10,1.2797076156271068,-0.26822894132953884,2.769934939458953,0.0,Electronics
2024-03-11,1.232699060511766,-0.25296717369860927,2.7334482748475613,5.0,Electronics
2024-03-12,1.2498431660826945,-0.2589897741198827,2.754553182496358,0.0,Electronics
2024-03-13,1.1423411215467854,-0.33089450716268043,2.8009817098013907,2.0,Electronics
2024-03-14,1.2473646487864312,-0.26174551215412695,2.6681799753356428,0.0,Electronics
2024-03-15,1.4177774447555576,0.053463691374867374,2.913724122105681,0.0,Electronics
2024-03-16,1.5342666904215994,-0.02181639139014244,3.026418278655567,1.0,Electronics
2024-03-17,1.4125906059642308,-0.10718113792501786,2.9844915419224503,3.0,Electronics
2024-03-18,1.3593282460798253,-0.19850108747503556,2.8578437934294048,0.0,Electronics
2024-03-19,1.3668718366559593,-0.18537447262946055,2.840794795052496,0.0,Electronics
2024-03-20,1.2467844465245947,-0.25721273607440903,2.615860176850993,0.0,Electronics
2024-03-21,1.3364726190425162,-0.1253769105704984,2.8121175064038706,0.0,Electronics
2024-03-22,1.4893291510229125,-0.06434483653891714,2.8957484922158314,0.0,Electronics
2024-03-23,1.5866354388513704,0.12003929669708369,3.082649712499291,2.0,Electronics
2024-03-24,1.4448346439758522,-0.14603687050377565,2.9840478134335697,2.0,Electronics
2024-03-25,1.3710289005150822,-0.0986122908393201,2.9058019692333397,2.0,Electronics
2024-03-26,1.3582963255484635,-0.1233618374492157,2.8698676757625674,1.0,Electronics
2024-03-27,1.2189727592834807,-0.3183706047596819,2.712335493486961,1.0,Electronics
2024-03-28,1.2910036052557716,-0.35350650913457327,2.7671988051732046,0.0,Electronics
2024-03-29,1.42849617658215,-0.06439280135765224,2.974141690341336,2.0,Electronics
2024-03-30,1.513384275811387,0.04359026357123271,2.9630602275156295,2.0,Electronics
2024-03-31,1.3627218582703486,-0.11279567374917604,2.9457365996840985,1.0,Electronics
2024-04-01,1.2839262596630818,-0.30898116399919456,2.8808594202614186,1.0,Electronics
2024-04-02,1.2704223322139827,-0.1401727551454017,2.8393032041150175,1.0,Electronics
2024-04-03,1.134854564216762,-0.3474103849670102,2.7515008075886462,2.0,Electronics
2024-04-04,1.2151282001431634,-0.29196582884360944,2.727115557253045,2.0,Electronics
2024-04-05,1.3653847753086585,-0.13726473242698506,2.9462361032067528,2.0,Electronics
2024-04-06,1.4674457830227412,-0.018599783024348462,3.024105206466532,1.0,Electronics
2024-04-07,1.338146503403435,-0.11758007851173308,2.9356139895352156,1.0,Electronics
2024-04-08,1.284347225387947,-0.18921875045001849,2.7405093776278333,3.0,Electronics
2024-04-09,1.2989282056389342,-0.11967244096770219,2.743972123941738,2.0,Electronics
2024-04-10,1.1939569425935654,-0.3475012643803564,2.687179596028879,2.0,Electronics
2024-04-11,1.3064437424397326,-0.21776456597980262,2.891652942266692,1.0,Electronics
2024-04-12,1.4897652876919893,-0.003935551992629456,3.0742680607094437,0.0,Electronics
2024-04-13,1.6249112021747463,0.12510070538016785,3.2197440604315535,1.0,Electronics
2024-04-14,1.5278801240135216,0.058677435942287366,3.0361817937984292,2.0,Electronics
2024-04-15,1.5044786090660887,0.035453115384024986,3.048791588647441,1.0,Electronics
2024-04-16,1.5466836053282862,0.01970442712965337,2.9865512833866563,2.0,Electronics
2024-04-17,1.4657780534322482,-0.04453261869629327,2.8555319753026094,2.0,Electronics
2024-04-18,1.5978301141813889,0.0076362236999375915,3.0132977274478363,3.0,Electronics
2024-04-19,1.795569700555369,0.16777685289720243,3.314164618252022,1.0,Electronics
2024-04-20,1.9394383713078909,0.4567408771708449,3.4696672266463797,1.0,Electronics
2024-04-21,1.8450434907157627,0.401642724562388,3.3252563192867863,1.0,Electronics
2024-04-22,1.8177361078036487,0.2957359208564887,3.321847020661751,1.0,Electronics
2024-04-23,1.8493278612163009,0.4074682453765798,3.3792303015202174,3.0,Electronics
2024-04-24,1.7511777367378254,0.27756680851582666,3.3619716191954603,0.0,Electronics
2024-04-25,1.8593741169382747,0.36869272088920163,3.3207032772483633,6.0,Electronics
2024-04-26,2.0270402907324594,0.5857512515051417,3.4906264972746683,2.0,Electronics
2024-04-27,2.135161162302206,0.7052623721047424,3.6289025457712767,1.0,Electronics
2024-04-28,2.000067155800769,0.44680682476287414,3.5577977882888088,1.0,Electronics
2024-04-29,1.9277616587385624,0.34830032633256086,3.457425811222096,3.0,Electronics
2024-04-30,1.9109626746762025,0.384937348621004,3.3768260829117915,1.0,Electronics
2024-05-01,1.7621116004829749,0.27950159493461146,3.3968010956048627,2.0,Electronics
2024-05-02,1.818230317362237,0.37413118911007764,3.394866380340231,4.0,Electronics
2024-05-03,1.933630036334842,0.48840202715629205,3.49849791763012,1.0,Electronics
2024-05-04,1.9904920530135208,0.5256886221916947,3.4986918357380388,4.0,Electronics
2024-05-05,1.8063621596683404,0.3310312371867643,3.256791403357656,1.0,Electronics
2024-05-06,1.6882125173750775,0.1267552574953342,3.1476102118004263,3.0,Electronics
2024-05-07,1.629797484415856,0.13316656091215806,3.0078860438562174,1.0,Electronics
2024-05-08,1.444578744266178,-0.09138743593323377,2.9567265644633642,1.0,Electronics
2024-05-09,1.4702568787515753,-0.02455335509300494,2.8890813237442186,2.0,Electronics
2024-05-10,1.5618881670178957,0.18635926918836462,3.1285086090490974,1.0,Electronics
2024-05-11,1.6022291045219321,0.12273817166955688,3.1041022649268126,4.0,Electronics
2024-05-12,1.4092559239138842,-0.12156339124471884,2.9428537452824,0.0,Electronics
2024-05-13,1.2899800250553481,-0.24576489130398677,2.8758097032761922,1.0,Electronics
2024-05-14,1.2381411524994135,-0.2853250182074279,2.678398818610855,3.0,Electronics
2024-05-15,1.0670754923879204,-0.39788952457587823,2.774832465835996,2.0,Electronics
2024-05-16,1.1139510912940205,-0.4446714503220433,2.5154692344453045,0.0,Electronics
2024-05-17,1.2333239369016298,-0.4030117624585451,2.7096063007363482,0.0,Electronics
2024-05-18,1.307278693398016,-0.20094631887786985,2.874780197050646,0.0,Electronics
2024-05-19,1.153006029632073,-0.3130196822308701,2.710236237319557,1.0,Electronics
2024-05-20,1.0764036615635855,-0.36926143626772373,2.570914859679849,3.0,Electronics
2024-05-21,1.070137410769458,-0.31217056445008035,2.5261915191031337,0.0,Electronics
2024-05-22,0.9464804384588105,-0.6234767606074328,2.4773273528162942,1.0,Electronics
2024-05-23,1.041277532819688,-0.5703670721753845,2.6783592215905885,3.0,Electronics
2024-05-24,1.2079616505445698,-0.28040291272737844,2.7241829708806273,1.0,Electronics
2024-05-25,1.327507607486465,-0.13118523528631032,2.8651078342733585,2.0,Electronics
2024-05-26,1.2160790364855805,-0.3051419721716454,2.638532965190296,1.0,Electronics
2024-05-27,1.1784216045899047,-0.26750554673853555,2.610970220889699,0.0,Electronics
2024-05-28,1.2062930572724642,-0.3379763446345391,2.7097654116951047,2.0,Electronics
2024-05-29,1.111269186047229,-0.35946626128537484,2.7177902411783115,1.0,Electronics
2024-05-30,1.2284271765053496,-0.30269154890815914,2.795622687767416,1.0,Electronics
2024-05-31,1.4108076517709784,-0.120484270420387,2.9251836418967243,0.0,Electronics
2024-06-01,1.5391616045546046,0.04919971256372321,3.0120057242272225,2.0,Electronics
2024-06-02,1.4296430456035827,-0.10780209717381592,2.9461904968466923,2.0,Electronics
2024-06-03,1.386966879871731,-0.1103105045200096,2.842260543147932,2.0,Electronics
2024-06-04,1.4031775925480652,-0.09648486172725126,2.8016766306580783,1.0,Electronics
2024-06-05,1.290389608461665,-0.24738591530056112,2.7780585107645988,0.0,Electronics
2024-06-06,1.3841562479749945,-0.20299200917568924,2.8951135403134174,2.0,Electronics
2024-06-07,1.5383436285781062,0.08981506805154531,2.88841978430847,1.0,Electronics
2024-06-08,1.6346379308482941,0.23016178205187726,3.24027601508819,0.0,Electronics
2024-06-09,1.4902524748845047,-0.08210493353287296,3.025093855599097,0.0,Electronics
2024-06-10,1.4108215020775186,-0.10977622394479468,2.902621164707465,1.0,Electronics
2024-06-11,1.3894820547929996,-0.1215436438483976,2.848077731509307,4.0,Electronics
2024-06-12,1.2395272898574965,-0.4024546708153062,2.7915362114223634,2.0,Electronics
2024-06-13,1.297444208827437,-0.188527901995738,2.790975189193965,1.0,Electronics
2024-06-14,1.4181876554316961,-0.10668457198803734,2.9011711956304937,1.0,Electronics
2024-06-15,1.4844415494411982,-0.0084513305454546,3.026173225415814,2.0,Electronics
2024-06-16,1.314339596513416,-0.2472586441979516,2.753537753489936,3.0,Electronics
2024-06-17,1.2140997716704371,-0.32642351305592343,2.651820316705889,0.0,Electronics
2024-06-18,1.1774296429023687,-0.3177371214118293,2.6438750224964016,0.0,Electronics
2024-06-19,1.0181080527663589,-0.3981585438672374,2.5248582281191507,1.0,Electronics
2024-06-20,1.0727117671373652,-0.4156131580218315,2.53986169947117,1.0,Electronics
2024-06-21,1.1963138750205324,-0.36467701947846365,2.6668041285330246,0.0,Electronics
2024-06-22,1.2715267750122854,-0.2917960174743838,2.7392082029685767,0.0,Electronics
2024-06-23,1.1162669996451855,-0.41521056951224594,2.5411219385301966,1.0,Electronics
2024-06-24,1.0361627201077996,-0.3880604861029745,2.449774172801155,1.0,Electronics
2024-06-25,1.0243157621088208,-0.4957263294544969,2.5461068918710517,3.0,Electronics
2024-06-26,0.8938448969692067,-0.6224493913044867,2.401107030164771,2.0,Electronics
2024-06-27,0.9803337073418474,-0.46625960935871624,2.4864356028222083,1.0,Electronics
2024-06-28,1.1379838362708588,-0.4960181284775607,2.6838587656475137,0.0,Electronics
2024-06-29,1.2484674644991582,-0.26260405544999715,2.778069642240359,2.0,Electronics
2024-06-30,1.128760498665583,-0.4068236723594378,2.6828837312845097,1.0,Electronics
2024-07-01,1.0833431759553767,-0.5129122094871791,2.548852028283856,1.0,Electronics
2024-07-02,1.1043341163756453,-0.3126054836712331,2.6631130172055997,1.0,Electronics
2024-07-03,1.004005402982196,-0.49840346438856603,2.561358616842796,2.0,Electronics
2024-07-04,1.116956395754131,-0.2936474295626016,2.56990928392062,1.0,Electronics
2024-07-05,1.296720983203758,-0.3260689379750972,2.8523900449539843,2.0,Electronics
2024-07-06,1.4244231537465135,-0.054871985231756695,2.9673393574631524,3.0,Electronics
2024-07-07,1.316666786757743,-0.20213641746308753,2.7275151842783023,1.0,Electronics
2024-07-08,1.2775125690078646,-0.2202080559881997,2.787801644317167,1.0,Electronics
2024-07-09,1.2989627483559452,-0.2689512440418459,2.793975438809781,0.0,Electronics
2024-07-10,1.1934227297937479,-0.2751215866579168,2.698906716373998,0.0,Electronics
2024-07-11,1.2955723463268363,-0.23352048779160967,2.9376838445914673,1.0,Electronics
2024-07-12,1.459396216256849,-0.039752308913509705,2.9447678984731405,1.0,Electronics
2024-07-13,1.5666099861739642,0.15498316767022063,3.0165619553882763,2.0,Electronics
2024-07-14,1.434573700127027,-0.0114162962326563,3.0016756524994856,3.0,Electronics
2024-07-15,1.3680123417846923,-0.1680876214042161,2.8079016276781386,2.0,Electronics
2024-07-16,1.359819873641065,-0.16376898175009963,2.9519552595142717,2.0,Electronics
2024-07-17,1.2234380980862256,-0.2866180014573693,2.7033417769355435,1.0,Electronics
2024-07-18,1.2943991339060485,-0.158996308114423,2.791815020463941,1.0,Electronics
2024-07-19,1.4277563765832462,-0.15757054364498585,2.995524082602979,2.0,Electronics
2024-07-20,1.5062633012558075,0.034049934108030144,3.1098364152075386,1.0,Electronics
2024-07-21,1.3482972081962603,-0.142200136333648,2.7360267338859416,0.0,Electronics
2024-07-22,1.2593154775468616,-0.3288864098465205,2.820148093216697,0.0,Electronics
2024-07-23,1.2329764986306209,-0.23016695109739022,2.685753891613268,2.0,Electronics
2024-07-24,1.0834389908531026,-0.32472447375446956,2.672367341981228,3.0,Electronics
2024-07-25,1.1465843846897223,-0.29303653778368066,2.5675411215930244,0.0,Electronics
2024-07-26,1.2778623455328977,-0.30088587606520345,2.8408085267231256,1.0,Electronics
2024-07-27,1.360240967021432,-0.008439554230280834,2.7355486181330027,1.0,Electronics
2024-07-28,1.2121640632082278,-0.22544803742317931,2.729477385235126,1.0,Electronics
2024-07-29,1.1387699925425778,-0.3237210095516793,2.6903892627967982,1.0,Electronics
2024-07-30,1.1333592625044928,-0.4007077779074411,2.638724799582462,3.0,Electronics
2024-07-31,1.0096461825089122,-0.575203762453592,2.5207467042098495,0.0,Electronics
2024-08-01,1.1026942074933364,-0.4125907339464685,2.5589053592029836,2.0,Electronics
2024-08-02,1.2672093348210047,-0.23319775243097227,2.7715077124091527,0.0,Electronics
2024-08-03,1.385294306211281,-0.04936443042823724,2.8509158735372546,2.0,Electronics
2024-08-04,1.274470450237727,-0.22954460733422544,2.9073785570886534,1.0,Electronics
2024-08-05,1.2386875872088732,-0.1717942607494746,2.739049413927041,0.0,Electronics
2024-08-06,1.2701635206563442,-0.2773732014625281,2.7354357884978286,0.0,Electronics
2024-08-07,1.1816092187145564,-0.32304915594930245,2.790202716965467,0.0,Electronics
2024-08-08,1.306893700119182,-0.1569584408413532,2.810934543883488,1.0,Electronics
2024-08-09,1.4997967957604352,-0.08126668603606843,2.950761534798525,5.0,Electronics
2024-08-10,1.6415734340674006,0.21053361652806804,3.0459620505038885,1.0,Electronics
2024-08-11,1.5490405165581627,0.08591918505614372,3.093973725100755,1.0,Electronics
2024-08-12,1.5253727755617497,0.03387479814647386,3.0923725825976827,1.0,Electronics
2024-08-13,1.5623035536515197,0.14067236888377743,3.151563794278739,2.0,Electronics
2024-08-14,1.4723077369973308,0.06383571756289003,2.9787456186577494,0.0,Electronics
2024-08-15,1.5889756686138332,-0.032908715170153,3.177084023917343,2.0,Electronics
2024-08-16,1.7662005925119935,0.31440551525797183,3.2244118110935336,2.0,Electronics
2024-08-17,1.8855248621394787,0.43151295605536616,3.4094030169384975,1.0,Electronics
2024-08-18,1.7642609959141122,0.22878155929797703,3.1936444673875757,3.0,Electronics
2024-08-19,1.7060408027297498,0.13835613556055007,3.1916954954837955,2.0,Electronics
2024-08-20,1.7033438435313666,0.19770954068499907,3.289536937626365,2.0,Electronics
2024-08-21,1.5696045263238645,0.11090782213510175,3.0873643661578414,2.0,Electronics
2024-08-22,1.6392624065197308,0.031909568103930745,3.0772016532891846,1.0,Electronics
2024-08-23,1.767353530707109,0.3291337242729068,3.4083616141087494,2.0,Electronics
2024-08-24,1.8366104960273568,0.3466890058763537,3.358048668576741,2.0,Electronics
2024-08-25,1.6655931010840241,0.1533427009194031,3.0677734401950705,0.0,Electronics
2024-08-26,1.5589703198595626,0.04255211215553611,2.9874817210348574,1.0,Electronics
2024-08-27,1.5103607514409774,-0.0737815925465917,2.8504272305021696,1.0,Electronics
2024-08-28,1.334353334992489,-0.24649578050483578,2.8648812277660816,0.0,Electronics
2024-08-29,1.3662289298971295,-0.20834044569920346,2.809447039277531,0.0,Electronics
2024-08-30,1.4619560158569491,-0.06766038132238514,2.8753350319198865,4.0,Electronics
2024-08-31,1.5050505979101736,-0.005142394834109871,3.0064812764312525,2.0,Electronics
2024-09-01,1.3147278047737154,-0.2353718171743062,2.8355857571665566,0.0,Electronics
2024-09-02,1.1959330909582016,-0.3668838109614753,2.827373218754662,1.0,Electronics
2024-09-03,1.142515613127365,-0.43567073312914156,2.673059836999109,2.0,Electronics
2024-09-04,0.9691874674553806,-0.4298225954264638,2.6908407076502003,2.0,Electronics
2024-09-05,1.0109447124904123,-0.4897493643833009,2.5405399306316796,2.0,Electronics
2024-09-06,1.12349805705644,-0.423093412774453,2.596774104661824,1.0,Electronics
2024-09-07,1.1899248529717592,-0.3137343813044658,2.6526472889438573,4.0,Electronics
2024-09-08,1.028874593871661,-0.38488127143908885,2.5689433305525533,1.0,Electronics
2024-09-09,0.9443820937260888,-0.5092904810352458,2.5514668335603643,1.0,Electronics
2024-09-10,0.9294054269557842,-0.5381246386793407,2.3509395257319237,0.0,Electronics
2024-09-11,0.7977533429362816,-0.7579086710776679,2.291234118785333,1.0,Electronics
2024-09-12,0.8832325921091285,-0.6715187593161701,2.4108452311448807,2.0,Electronics
2024-09-13,1.0405369379843843,-0.42463074204027873,2.6845978613248214,0.0,Electronics
2024-09-14,1.1517104217266518,-0.3171275817518607,2.7632960776395783,2.0,Electronics
2024-09-15,1.0344212849284857,-0.5446443163186176,2.4630808009426275,0.0,Electronics
2024-09-16,0.9915666117405245,-0.5243254138590981,2.5197900868889667,0.0,Electronics
2024-09-17,1.015179051161321,-0.49268862286785275,2.5795910151160815,2.0,Electronics
2024-09-18,0.9183212746320786,-0.4973048325677229,2.3739341763845445,1.0,Electronics
2024-09-19,1.033953185637341,-0.4461125270621777,2.563141641515895,0.0,Electronics
2024-09-20,1.216267764976533,-0.3152107656387628,2.850492803054108,0.0,Electronics
2024-09-21,1.3469494009578216,-0.1368887214129823,2.8710808412835225,3.0,Electronics
2024-09-22,1.2434958003186642,-0.33290522759502744,2.712016884022835,1.0,Electronics
2024-09-23,1.2085900304013646,-0.2209506992379718,2.772323053569924,2.0,Electronics
2024-09-24,1.2343490322788355,-0.29714506065548113,2.775732275622177,1.0,Electronics
2024-09-25,1.1341559803189274,-0.3708434203849495,2.4709285528901455,1.0,Electronics
2024-09-26,1.2412169178774974,-0.30336423461984136,2.7326453167219324,2.0,Electronics
2024-09-27,1.4103125273970751,-0.07181687103137498,2.9568111866805262,2.0,Electronics
2024-09-28,1.5238210390269449,0.03888214958868662,3.060990558845637,0.0,Electronics
2024-09-29,1.4000589184457228,-0.1670162461499008,2.8783081460235054,1.0,Electronics
2024-09-30,1.342393186785323,-0.17351201199216895,2.894687766200493,2.0,Electronics
2024-10-01,1.343807439847258,-0.13574992046822004,2.733229773782658,2.0,Electronics
2024-10-02,1.2186513258402394,-0.33774995990275497,2.7723736636825698,1.0,Electronics
2024-10-03,1.3008698842866675,-0.22152113187513406,2.8782251443123643,0.0,Electronics
2024-10-04,1.4461590203008974,-0.05649401761989502,2.922951961333243,1.0,Electronics
2024-10-05,1.5377455841526122,0.23156169038527197,3.1241858216874476,0.0,Electronics
2024-10-06,1.3947444142160188,-0.1363862831766464,2.824510469185663,1.0,Electronics
2024-10-07,1.321013528809806,-0.2149146715161629,2.8857434443562173,1.0,Electronics
2024-10-08,1.3100451494918208,-0.14015884159524108,2.9373136774423423,1.0,Electronics
2024-10-09,1.1766444485372842,-0.311662511683837,2.6559815168302507,2.0,Electronics
2024-10-10,1.2548480157852848,-0.18656247099377343,2.872940985830055,1.0,Electronics
2024-10-11,1.4005032360653,0.015007066952636261,3.0189095917448148,2.0,Electronics
2024-10-12,1.496828910457653,-0.04621275644561909,3.0321697771092264,1.0,Electronics
2024-10-13,1.3628145087446453,-0.0983112576193298,2.84993449673269,0.0,Electronics
2024-10-14,1.301845817333068,-0.1918992377597794,2.762226692191897,2.0,Electronics
2024-10-15,1.3069494830672692,-0.23860261320392442,2.8659572405644522,3.0,Electronics
2024-10-16,1.1924296607867764,-0.2642837551573244,2.7075679119476628,1.0,Electronics
2024-10-17,1.291503536588279,-0.2420067679235194,2.687778835459254,2.0,Electronics
2024-10-18,1.4593310449694936,0.06293379311621447,2.9855998491206477,3.0,Electronics
2024-10-19,1.578380234415873,0.05344741402454308,3.0495452090641013,1.0,Electronics
2024-10-20,1.4668900247120056,-0.05562058062042855,3.020787242500744,0.0,Electronics
2024-10-21,1.427284113052495,-0.09933754345073498,3.1224353993814833,1.0,Electronics
2024-10-22,1.451782864619827,0.02865868473386256,3.0843738285205804,0.0,Electronics
2024-10-23,1.3540073442500717,-0.07099363284157931,2.915223356879543,3.0,Electronics
2024-10-24,1.4663367974229635,-0.050843437716786524,2.9170625630522578,0.0,Electronics
2024-10-25,1.6433889169052,0.19212649166833118,3.24478209418535,0.0,Electronics
2024-10-26,1.7671854958678248,0.33276995473674226,3.1725266691411322,2.0,Electronics
2024-10-27,1.65566972367666,0.2504136915132593,3.1414719570612593,1.0,Electronics
2024-10-28,1.6108951577524468,0.15447335592959222,3.146615232481927,1.0,Electronics
2024-10-29,1.6249879433823855,0.24006588144439495,3.2731515206545767,2.0,Electronics
2024-10-30,1.5116978930169762,-0.08533640702836316,2.952354635508554,2.0,Electronics
2024-10-31,1.6034548655756231,0.17326835018179493,3.0872543679104862,3.0,Electronics
2024-11-01,1.755274468522322,0.2799635940654748,3.327813522255721,2.0,Electronics
2024-11-02,1.8496975507159314,0.30492798281778033,3.3238582924906375,2.0,Electronics
2024-11-03,1.705335007865118,0.15565347970455803,3.2210672076019926,2.0,Electronics
2024-11-04,1.624804973111389,0.08456059016255056,3.1059112889136644,3.0,Electronics
2024-11-05,1.6010194520725987,0.07719533411411986,2.979065870003592,2.0,Electronics
2024-11-06,1.4486581872263165,-0.04748553596462611,2.906570195311851,2.0,Electronics
2024-11-07,1.500901990013209,-0.05695892763281984,3.0175132608248307,1.0,Electronics
2024-11-08,1.6137448441770894,0.12942424991185483,3.09590427370186,2.0,Electronics
2024-11-09,1.6706916224909734,0.1825629806185258,3.200967694286565,2.0,Electronics
2024-11-10,1.491318610318942,0.043194491052949334,3.072356842002811,2.0,Electronics
2024-11-11,1.3789512423270271,-0.18910947169217457,2.9692201601178767,2.0,Electronics
2024-11-12,1.3272717751036294,-0.20680627657961723,2.9179667097542565,1.0,Electronics
2024-11-13,1.1517169075618554,-0.4841680868126467,2.5911412830922114,2.0,Electronics
2024-11-14,1.185893316432542,-0.23861141777035863,2.7189092253207114,0.0,Electronics
2024-11-15,1.2863055029040869,-0.15813710854194338,2.789560460061765,0.0,Electronics
2024-11-16,1.3368248658758313,-0.15978081171536626,2.9543900611958716,1.0,Electronics
2024-11-17,1.1572824632938579,-0.3375064949349708,2.7113376496096855,4.0,Electronics
2024-11-18,1.0509067078978536,-0.48737554133579364,2.4726222833306126,1.0,Electronics
2024-11-19,1.01127381476372,-0.3612213187523144,2.660549316274475,1.0,Electronics
2024-11-20,0.8536526127061115,-0.7300620247050926,2.2345795851755335,0.0,Electronics
2024-11-21,0.9111267494761379,-0.6444209655191298,2.467973778826347,1.0,Electronics
2024-11-22,1.0397630930352273,-0.4054595139564305,2.650905965188858,0.0,Electronics
2024-11-23,1.1228766310545253,-0.40067799298004736,2.660491942434518,2.0,Electronics
2024-11-24,0.9796789307500149,-0.5087542673487415,2.5078869851832803,0.0,Electronics
2024-11-25,0.9124976159545363,-0.6381881121307855,2.3564072376185328,0.0,Electronics
2024-11-26,0.9140891993453156,-0.5682325581382626,2.537867610333355,1.0,Electronics
2024-11-27,0.7989479788524049,-0.693956288962873,2.1993782072526735,1.0,Electronics
2024-11-28,0.8991486717833997,-0.65793526176483,2.3455199700079303,2.0,Electronics
2024-11-29,1.069965671005878,-0.5208591614000387,2.590837556686105,1.0,Electronics
2024-11-30,1.19394039051223,-0.2998587727774849,2.7361200210805907,1.0,Electronics
2024-12-01,1.0895882489954103,-0.45898482287192877,2.6281882901643745,2.0,Electronics
2024-12-02,1.0583989536791736,-0.3728038872222636,2.6197876684841264,0.0,Electronics
2024-12-03,1.0925070448848209,-0.3792542643555182,2.589979600350783,1.0,Electronics
2024-12-04,1.005956711857651,-0.511825644963926,2.5485272952837796,1.0,Electronics
2024-12-05,1.130253496397378,-0.2887991077652749,2.509070085964934,3.0,Electronics
2024-12-06,1.3204202346537848,-0.23426330311375668,2.748120955671978,0.0,Electronics
2024-12-07,1.4588503255211063,-0.03009312851602657,2.953642715727536,0.0,Electronics
2024-12-08,1.3640548741812033,-0.07419279943545641,2.925704057435513,0.0,Electronics
2024-12-09,1.3374241332748817,-0.1360492134082476,2.9032618738799143,0.0,Electronics
2024-12-10,1.3712354042816233,-0.09339675403765894,2.8684643709176694,1.0,Electronics
2024-12-11,1.2798532979091932,-0.19168191839611554,2.7590819515351943,1.0,Electronics
2024-12-12,1.394970489852223,-0.0493208723895483,2.907478530382385,1.0,Electronics
2024-12-13,1.5720813384431271,0.08690224373319773,3.0152567558964254,2.0,Electronics
2024-12-14,1.69410358165271,0.038952387796163425,3.1925371751428684,2.0,Electronics
2024-12-15,1.5801501134881326,0.1003560962065905,3.0403165222363953,3.0,Electronics
2024-12-16,1.5320384057269967,-0.04084564438490108,2.9901190389072814,0.0,Electronics
2024-12-17,1.5426252445220165,-0.0008825644889808991,2.958596112265837,3.0,Electronics
2024-12-18,1.4269347882237928,-0.07450810866988652,3.0214398602560477,1.0,Electronics
2024-12-19,1.5170837315743293,-0.1382500714402445,3.0810591214341034,1.0,Electronics
2024-12-20,1.6691709958116197,0.11126949945993361,3.164543296067866,1.0,Electronics
2024-12-21,1.7666692368982777,0.26687374934274666,3.3148421300027318,0.0,Electronics
2024-12-22,1.6292254817344447,0.10784603678949112,3.1634011920411296,1.0,Electronics
2024-12-23,1.5589253789250346,0.11004859045616582,3.079765298066158,0.0,Electronics
2024-12-24,1.5489639453296569,0.006295830200500602,3.060358948536667,2.0,Electronics
2024-12-25,1.4147125652447594,-0.04869894973066514,2.8781626105124625,3.0,Electronics
2024-12-26,1.4883412697457987,0.05932557477508035,3.0313491576440943,3.0,Electronics
2024-12-27,1.6261383266336678,0.10927908295651456,3.124050902603027,2.0,Electronics
2024-12-28,1.711686044648744,0.24474249078434243,3.130557875391084,3.0,Electronics
2024-12-29,1.564704942015392,0.04356861609362172,3.0449639723890116,2.0,Electronics
2024-12-30,1.48708722540067,-0.04357847090388457,2.9734687731714016,3.0,Electronics
2024-12-31,1.4719172338525688,-0.23418613005343514,2.96254721357759,1.0,Electronics
2025-01-01,1.3344899526989558,-0.23436593887823828,2.830626468259572,,Electronics
2025-01-02,1.4066415128451328,-0.16227568089083544,2.91822871758454,,Electronics
2025-01-03,1.5445080203859423,0.15836203419566905,3.14904661687732,,Electronics
2025-01-04,1.631493001331769,0.2777895278991561,3.146840635534949,,Electronics
2025-01-05,1.487160293414778,-0.06675690764331212,3.0187291087022405,,Electronics
2025-01-06,1.41303970770701,-0.060133178083341475,2.9459636452873137,,Electronics
2025-01-07,1.4019978814573275,-0.11702867456232253,3.035317158430403,,Electronics
2025-01-08,1.2692068436727164,-0.14553711296233354,2.9021601385948412,,Electronics
2025-01-09,1.346179236125652,-0.08730070601453725,2.8968841937739964,,Electronics
2025-01-10,1.4889610532930064,-0.0020947403182021798,2.979070756687209,,Electronics
2025-01-11,1.5808838278882806,0.021332773293941124,3.1069549775075043,,Electronics
2025-01-12,1.4414980832999225,-0.17437282321797576,2.8611685157978584,,Electronics
2025-01-13,1.3721420951326633,-0.056239116096643685,2.771794588406329,,Electronics
2025-01-14,1.365653516072391,-0.19922690461910691,2.7774327794470386,,Electronics
2025-01-15,1.237278178339207,-0.18299283288410914,2.7104783569617603,,Electronics
2025-01-16,1.3184004170292813,-0.24758162575409537,2.8355581613658685,,Electronics
2023-01-03,1.4706256328007457,0.017158447895418136,3.061612071765942,3.0,Home
2023-01-04,1.3923816686781607,-0.06511822708948514,2.861323047922431,3.0,Home
2023-01-05,1.496798356369073,-0.09383717542707673,2.9599934833818997,1.0,Home
2023-01-06,1.313546016373572,-0.10417863151708498,2.786707048350276,3.0,Home
2023-01-07,1.1997065078045412,-0.24563470726607675,2.6712529312837203,2.0,Home
2023-01-08,1.332051207968043,-0.23793777187680545,2.7037696969324947,1.0,Home
2023-01-09,1.5553630972612082,0.032862267129634845,3.071128607762617,3.0,Home
2023-01-10,1.367049943524351,-0.1534331273408795,2.85778214416779,0.0,Home
2023-01-11,1.2883527900413199,-0.24855279731876212,2.725685869473481,0.0,Home
2023-01-12,1.3941731087606442,0.06043939560290735,2.7971218158429374,0.0,Home
2023-01-13,1.2143342746981713,-0.2829714592637302,2.688000440707036,1.0,Home
2023-01-14,1.1057545116750158,-0.30686542558561436,2.5773371427455896,2.0,Home
2023-01-15,1.2450576434074414,-0.24696961372103493,2.7366844704075097,1.0,Home
2023-01-16,1.4769460028478556,0.09444175495599354,3.0763607020170527,1.0,Home
2023-01-17,1.2988204818892317,-0.223001272143603,2.812021875060364,1.0,Home
2023-01-18,1.2315383591746716,-0.23572518579159696,2.636219075767508,0.0,Home
2023-01-19,1.3497305932995605,-0.1870456477463,2.7816635892415396,2.0,Home
2023-01-20,1.1831009253272728,-0.2855144320550431,2.666104236526335,0.0,Home
2023-01-21,1.0881507906278345,-0.3270956270050335,2.4938378741075966,3.0,Home
2023-01-22,1.2411299137324494,-0.2328516223862044,2.754686808594651,2.0,Home
2023-01-23,1.4864666858451077,-0.06119274811868198,3.050680211910374,2.0,Home
2023-01-24,1.321401098172676,-0.19523186317536737,2.8289547289946575,2.0,Home
2023-01-25,1.2662971161616214,-0.24898232647279153,2.6424700846049105,2.0,Home
2023-01-26,1.3954543379207984,-0.08939944811862656,2.841581577980147,1.0,Home
2023-01-27,1.2384478206917975,-0.2893363298742308,2.7503879929924646,1.0,Home
2023-01-28,1.1514068048403856,-0.2880205563176096,2.6526223847852295,1.0,Home
2023-01-29,1.3103056570684999,-0.20579881401148992,2.792264370215242,0.0,Home
2023-01-30,1.5594508253962964,0.030027974427801397,3.0524949450022247,0.0,Home
2023-01-31,1.396124350512529,-0.034300958826405395,2.842969221392916,2.0,Home
2023-02-01,1.3404470849357564,-0.037702476088026855,2.8005605943537857,0.0,Home
2023-02-02,1.46667968036387,-0.008469622540530181,2.9111563589648317,1.0,Home
2023-02-03,1.3045968628389235,-0.17105933283459274,2.84151080706086,0.0,Home
2023-02-04,1.210312585701135,-0.2151965078095623,2.7060102840741203,1.0,Home
2023-02-05,1.359903003720548,-0.15561101889032003,2.760352334150223,2.0,Home
2023-02-06,1.5979409451541444,0.17529894876822263,2.999812723884288,1.0,Home
2023-02-07,1.4221404220759142,0.05652963869991145,2.9359042967070295,2.0,Home
2023-02-08,1.352760837904271,-0.17769675030330084,2.7164921906957367,1.0,Home
2023-02-09,1.464387425184313,-0.06139363879518816,2.9037194765685426,2.0,Home
2023-02-10,1.2873303278029617,-0.18090577099950655,2.7669851194269275,1.0,Home
2023-02-11,1.1779870398646324,-0.3402106964752825,2.6805002756960805,1.0,Home
2023-02-12,1.3127890164579938,-0.05362771746217934,2.81146793217984,1.0,Home
2023-02-13,1.5367762554235962,-0.006112556810877306,3.0561374613345484,2.0,Home
2023-02-14,1.348236600285682,-0.11727576371170645,2.768882467236373,1.0,Home
2023-02-15,1.267646117482656,-0.30757134778794726,2.729392253442824,2.0,Home
2023-02-16,1.3699257062751162,-0.05695378596510311,2.9447969392870617,2.0,Home
2023-02-17,1.1858633641366032,-0.22461474869483475,2.7367735514143017,1.0,Home
2023-02-18,1.0720140137778764,-0.3470818979682423,2.551323359491416,1.0,Home
2023-02-19,1.2049716055079565,-0.2244064303444521,2.798675703223095,2.0,Home
2023-02-20,1.4299873966971535,0.01295625960445126,2.925052959392647,1.0,Home
2023-02-21,1.245609301864562,-0.2396904211658159,2.690348636963447,0.0,Home
2023-02-22,1.1721652489596714,-0.25384227919945224,2.6740180297039196,1.0,Home
2023-02-23,1.2845041708520828,-0.27997016187702267,2.7987485165856,3.0,Home
2023-02-24,1.1134508692641862,-0.4058649065188678,2.6243201483168863,0.0,Home
2023-02-25,1.0152536223267954,-0.4202250023275711,2.449618033486127,0.0,Home
2023-02-26,1.1661928907914432,-0.39587529134781785,2.5839410927773008,1.0,Home
2023-02-27,1.4112548473429474,-0.06737029652472966,2.8890700038455526,0.0,Home
2023-02-28,1.2487824718037552,-0.1360565142604739,2.683883545854677,1.0,Home
2023-03-01,1.1985134285813328,-0.277561208245068,2.5961761565331756,4.0,Home
2023-03-02,1.3348165262422258,-0.06945968050050277,2.846601424562071,1.0,Home
2023-03-03,1.1881895195995242,-0.23485572230079574,2.6380094109066805,1.0,Home
2023-03-04,1.114263817050076,-0.3590798485145096,2.5115473411475597,0.0,Home
2023-03-05,1.288757840725366,-0.07670290053087839,2.7313804331627667,2.0,Home
2023-03-06,1.556212369455803,0.1405392871840076,3.106012430996903,0.0,Home
2023-03-07,1.4146582772457206,-0.07286672566648675,2.998199266612443,1.0,Home
2023-03-08,1.3832120282420595,-0.00759274092867681,2.883515302685902,0.0,Home
2023-03-09,1.5358088094643902,-0.014982060139001286,3.0009740139648278,2.0,Home
2023-03-10,1.4027425450860185,-0.04217393011333318,2.8637270862339714,2.0,Home
2023-03-11,1.339225057716489,-0.17113947977283625,2.6290242663930368,1.0,Home
2023-03-12,1.5206795788329102,0.06116495963368716,2.9959397277909154,1.0,Home
2023-03-13,1.7915316554239307,0.4318418998652063,3.3299858101203204,1.0,Home
2023-03-14,1.6498856935028114,0.2295673270216832,3.175734662623182,3.0,Home
2023-03-15,1.614668844913914,0.19970026909281594,3.098493667091931,0.0,Home
2023-03-16,1.7598504373485004,0.25513961648723393,3.2442623734560145,4.0,Home
2023-03-17,1.6160129438787323,0.31856179191149986,3.135861508164862,1.0,Home
2023-03-18,1.5384537517630124,0.0608517208785531,3.0494242995002745,2.0,Home
2023-03-19,1.7028066954447165,0.3821905322331367,3.2300182831431714,2.0,Home
2023-03-20,1.953876432753861,0.601976604030147,3.4295094463860107,1.0,Home
2023-03-21,1.7903120468122702,0.3236950628967394,3.2373226236325485,2.0,Home
2023-03-22,1.731288228653765,0.2666155128587481,3.189625148790858,1.0,Home
2023-03-23,1.8512008468360086,0.40564155183315026,3.308253688590272,0.0,Home
2023-03-24,1.6812599108668544,0.24258425183283788,3.158630660090166,3.0,Home
2023-03-25,1.5771264101063445,0.08631051477531772,3.00536234455111,0.0,Home
2023-03-26,1.7148559438290434,0.2625737700983571,3.226090117702478,0.0,Home
2023-03-27,1.9397723963767945,0.3595456772679295,3.436674300019664,2.0,Home
2023-03-28,1.7511362771812244,0.31093656652368656,3.360190828932233,1.0,Home
2023-03-29,1.6683627743398644,0.18089375331071936,3.130656455224861,0.0,Home
2023-03-30,1.766194926883891,0.4107600821630512,3.3487755991388872,1.0,Home
2023-03-31,1.5763218753856973,0.03978242017028017,2.9868185569863916,1.0,Home
2023-04-01,1.4545557865698115,0.05173045526227,2.8666024835535246,1.0,Home
2023-04-02,1.5771041644941193,0.15304610274611807,3.061710743702147,1.0,Home
2023-04-03,1.7894907814836443,0.1902167741061198,3.2319296260763166,3.0,Home
2023-04-04,1.5912278540705365,0.11625184641340017,3.0259456491412338,2.0,Home
2023-04-05,1.5015700434274197,0.13149858937590142,3.01105222872914,1.0,Home
2023-04-06,1.5952071489331798,0.04413440893948889,2.989131764366678,2.0,Home
2023-04-07,1.4038947436259372,-0.10949584738310107,2.971938405416825,0.0,Home
2023-04-08,1.2831750646429207,-0.07939076127865424,2.840230604965671,0.0,Home
2023-04-09,1.4089950939830787,-0.16218441377428133,2.8435508018532656,1.0,Home
2023-04-10,1.6266978270160464,0.2083793063268314,3.1977430735883052,3.0,Home
2023-04-11,1.4357201954950307,-0.01130779719972256,2.878188801355904,3.0,Home
2023-04-12,1.354846088296433,-0.10381935000248516,2.7831416200081094,1.0,Home
2023-04-13,1.4584212610386869,0.045570099749710866,2.9107515758061,2.0,Home
2023-04-14,1.2780724514903963,-0.12558147826909163,2.7646445774406225,4.0,Home
2023-04-15,1.1689004408500752,-0.2770004776094003,2.6192172616285703,1.0,Home
2023-04-16,1.3064903792602693,-0.22006959043039764,2.5995729079139895,1.0,Home
2023-04-17,1.5359682794180227,-0.06311858292802361,3.0986833835834244,2.0,Home
2023-04-18,1.3567113248195648,-0.08484979509837258,2.7569364040261153,2.0,Home
2023-04-19,1.2870834090376322,-0.19971624737398533,2.671116676308887,2.0,Home
2023-04-20,1.4012149307729331,-0.024934327670804397,2.9356720320132346,0.0,Home
2023-04-21,1.2307625891761222,-0.24254679802450563,2.7629231470217652,0.0,Home
2023-04-22,1.130580748447094,-0.2840953406100154,2.605751028644631,2.0,Home
2023-04-23,1.2761162640135724,-0.22451805264981686,2.756091351167286,0.0,Home
2023-04-24,1.512521824900997,0.009714592400911557,2.91769967563849,4.0,Home
2023-04-25,1.339369908408916,-0.2621158810324884,2.801765243442807,0.0,Home
2023-04-26,1.274862014591492,-0.24391263795295254,2.6584336919987233,2.0,Home
2023-04-27,1.3931647163787484,-0.11573033471958226,2.851104769646424,1.0,Home
2023-04-28,1.2262019662462078,-0.2800478582067551,2.735480177601855,0.0,Home
2023-04-29,1.1287973094313228,-0.36292530977166365,2.6838259246745064,0.0,Home
2023-04-30,1.27644669725792,-0.2700872825281923,2.7738338698911584,0.0,Home
2023-05-01,1.5144833024487419,0.06620919899842932,3.0147204272650425,6.0,Home
2023-05-02,1.342791041083568,-0.3517044802466709,2.798254340269969,0.0,Home
2023-05-03,1.2794848367727727,-0.196421259623038,2.8114283924703902,3.0,Home
2023-05-04,1.3988017459924043,-0.02611275239243718,2.91413112516806,2.0,Home
2023-05-05,1.2329261057873353,-0.323755662606903,2.7062775925757436,0.0,Home
2023-05-06,1.1366044102527706,-0.34548863375862293,2.614976186354887,2.0,Home
2023-05-07,1.2852993398058645,-0.24048350133487886,2.771807459901483,5.0,Home
2023-05-08,1.5244105745860839,0.12764467717608333,2.8932584211812635,1.0,Home
2023-05-09,1.3539935468251814,-0.20090428042345412,2.8119971632419394,0.0,Home
2023-05-10,1.291917340318169,-0.2355666259567414,2.7905926023219543,1.0,Home
2023-05-11,1.412318212935679,-0.024513186473172563,2.859618893276079,4.0,Home
2023-05-12,1.247465373347368,-0.18349106146379762,2.7360253564019295,3.0,Home
2023-05-13,1.1518565088598487,-0.3795160967140716,2.6238028399964297,0.0,Home
2023-05-14,1.3007609445983155,-0.11137662445950476,2.732246534824927,1.0,Home
2023-05-15,1.5395040217117497,0.07793110719467519,3.047508041522062,2.0,Home
2023-05-16,1.3681980354655976,-0.17758839910680904,2.722824191730824,4.0,Home
2023-05-17,1.3043838674283872,-0.18795542353469646,2.791034518347449,1.0,Home
2023-05-18,1.422051923609649,0.0014273550928842536,2.9069738481248906,2.0,Home
2023-05-19,1.2535522910839025,-0.25485036788836013,2.738053214851248,1.0,Home
2023-05-20,1.1531732506534638,-0.17275587787635943,2.6711384912333305,0.0,Home
2023-05-21,1.2960743758498836,-0.14020532894952561,2.7733550935069213,1.0,Home
2023-05-22,1.5276337036915206,0.16348866474363388,2.968084391227868,3.0,Home
2023-05-23,1.348188495302557,-0.0911896845195195,2.8461158062132874,2.0,Home
2023-05-24,1.2751566886271595,-0.1895069668324611,2.8077295123680934,2.0,Home
2023-05-25,1.3826198829914782,-0.0791741799339516,2.896432165810499,0.0,Home
2023-05-26,1.2032711892595669,-0.26736598106758214,2.677049069841402,1.0,Home
2023-05-27,1.0914689077534676,-0.3828383403457487,2.508553398567583,1.0,Home
2023-05-28,1.2225508375534389,-0.22566016736808622,2.6983188165919665,0.0,Home
2023-05-29,1.4422348563277707,-0.11528840238220169,2.8565966616592844,2.0,Home
2023-05-30,1.25135974774312,-0.2730115377635094,2.6447470213492377,2.0,Home
2023-05-31,1.1674766456994161,-0.31663534545697897,2.5364120198760265,0.0,Home
2023-06-01,1.2649844707623754,-0.3337078360441153,2.8585573641701636,0.0,Home
2023-06-02,1.0771064207723962,-0.5070595280719774,2.471127004313383,0.0,Home
2023-06-03,0.9584105998062105,-0.5110868868879221,2.374449437576208,0.0,Home
2023-06-04,1.0844984408152474,-0.346769937083159,2.5811125515707243,0.0,Home
2023-06-05,1.3014529658002965,-0.1953312277531267,2.728015661088559,1.0,Home
2023-06-06,1.1105755349719142,-0.4231051495545277,2.641891776063351,0.0,Home
2023-06-07,1.0294448942541912,-0.3923734706516686,2.4177180569976797,2.0,Home
2023-06-08,1.1326045568712764,-0.3636558052942883,2.518337100881836,3.0,Home
2023-06-09,0.953569381276409,-0.5692054603914283,2.4873519846087397,1.0,Home
2023-06-10,0.8468165677600429,-0.6396259337652185,2.341986254156574,2.0,Home
2023-06-11,0.9878535397362044,-0.5031209977387393,2.4341269065869247,3.0,Home
2023-06-12,1.2227210601850071,-0.24633727298123032,2.7668067202970357,2.0,Home
2023-06-13,1.0527347557406392,-0.509824127212896,2.4942563740432355,1.0,Home
2023-06-14,0.9950220931281297,-0.44709489983048084,2.441073650207233,1.0,Home
2023-06-15,1.123773251878469,-0.35597439112689044,2.579806820840245,0.0,Home
2023-06-16,0.9722902644156369,-0.5085811567245505,2.4668067071885926,1.0,Home
2023-06-17,0.8944614587986306,-0.5217209149361212,2.3246151305176994,2.0,Home
2023-06-18,1.0652221327261286,-0.4658050427203466,2.5177190342657045,1.0,Home
2023-06-19,1.3301257525737824,-0.12955258041508147,2.7723748883678705,0.0,Home
2023-06-20,1.1901030036170415,-0.3429054360187614,2.431887172724495,2.0,Home
2023-06-21,1.1614886089051994,-0.2984103567678469,2.6528320054965833,3.0,Home
2023-06-22,1.3178464253323094,-0.19354471658295275,2.810413506990514,0.0,Home
2023-06-23,1.1920703751213755,-0.20771940897661742,2.6788333163210067,0.0,Home
2023-06-24,1.1373497772908556,-0.38860334615258657,2.647199552751756,1.0,Home
2023-06-25,1.3280282300521065,-0.11346754655345051,2.784562550456135,0.0,Home
2023-06-26,1.6092460909533617,0.11506867320878798,3.1499543324475683,0.0,Home
2023-06-27,1.4817179020203215,0.015322021148779192,3.045763677546455,2.0,Home
2023-06-28,1.461247479193756,-0.052789274524452486,2.8646949547577756,1.0,Home
2023-06-29,1.6211232317046038,0.0996204402004893,3.1297509473337244,1.0,Home
2023-06-30,1.4942645154047927,-0.007324872542177379,2.9156778128269765,0.0,Home
2023-07-01,1.4336692365918875,-0.016899267846172118,2.860679902149473,1.0,Home
2023-07-02,1.6136602645081293,0.1862357270831426,3.1389472941906553,2.0,Home
2023-07-03,1.879586695052164,0.4183837254097174,3.347476809579028,1.0,Home
2023-07-04,1.7326056285936728,0.32772299887350503,3.2609524157090766,0.0,Home
2023-07-05,1.6886703221548316,0.22643998950711042,3.1890639921401487,0.0,Home
2023-07-06,1.8214797136503162,0.378379582855019,3.3423467284031427,2.0,Home
2023-07-07,1.664653769337673,0.17241419344391468,3.1467505105066844,1.0,Home
2023-07-08,1.5716469397039226,0.14302727074347765,3.0874728954920343,2.0,Home
2023-07-09,1.7173661110132783,0.21778235964772985,2.9780257422074796,1.0,Home
2023-07-10,1.9479155057976998,0.5451263162773758,3.4758924698997866,5.0,Home
2023-07-11,1.7653689082822759,0.3378776194819881,3.242734965617605,2.0,Home
2023-07-12,1.686218584941574,0.24136766206375918,3.1845780853235075,5.0,Home
2023-07-13,1.7848686608092086,0.24032151812230892,3.2468208051180327,0.0,Home
2023-07-14,1.5958313326275364,0.019441835282440208,3.0405221929462765,2.0,Home
2023-07-15,1.4731005007850673,0.06366707697078869,3.022220463583527,2.0,Home
2023-07-16,1.5921382022403479,0.09595011191345834,3.064924949843695,4.0,Home
2023-07-17,1.799662807865074,0.305019313310687,3.1472925612954703,5.0,Home
2023-07-18,1.598414103197392,0.1053899287844642,2.962324486068725,1.0,Home
2023-07-19,1.5050680918500987,0.02060013026148939,2.9197604329704188,1.0,Home
2023-07-20,1.5942819342060202,0.13179438092101955,3.0767786570922,2.0,Home
2023-07-21,1.4009211539761004,-0.07893218839668976,2.9366952666851995,3.0,Home
2023-07-22,1.2789057496807028,-0.2438290681730567,2.7207056333662725,1.0,Home
2023-07-23,1.4035792898227606,-0.03151893730120092,2.9228822229334535,1.0,Home
2023-07-24,1.6215561173554753,0.204439933021977,3.1659103959492874,2.0,Home
2023-07-25,1.4354961370782287,-0.12171390404253364,2.8810732212377093,0.0,Home
2023-07-26,1.3615030755527815,-0.06821866124816749,2.84948515989702,2.0,Home
2023-07-27,1.4737388399023639,0.010775858801541575,3.0936683524389084,0.0,Home
2023-07-28,1.3066994132308205,-0.1241041617873107,2.7833103981965226,1.0,Home
2023-07-29,1.2135505359130492,-0.18508700925686736,2.681018692749018,1.0,Home
2023-07-30,1.3688955207730416,-0.14794669240185432,2.8111807828358613,1.0,Home
2023-07-31,1.618696087624394,0.14204864979779394,3.037019201744811,3.0,Home
2023-08-01,1.4650696815697404,-0.017302719626471497,2.8668727252422515,2.0,Home
2023-08-02,1.4231818953120183,-0.11019389144680715,2.823954620592678,1.0,Home
2023-08-03,1.5664385725765948,-0.024669796405864697,3.0547759672730654,1.0,Home
2023-08-04,1.4288161319007608,-0.029508782835541668,2.8963980628528994,2.0,Home
2023-08-05,1.3626898351501582,-0.1960963975412889,2.7182837412599214,2.0,Home
2023-08-06,1.542000552182223,0.047931955077748424,2.9824851279465183,1.0,Home
2023-08-07,1.81224667213358,0.41360702030525126,3.313107674335976,2.0,Home
2023-08-08,1.6752986905483886,0.1968449782791052,3.0862286169590334,1.0,Home
2023-08-09,1.6457779687745202,0.19390034556659197,3.0961613005117496,2.0,Home
2023-08-10,1.7968164036371863,0.20858541575004516,3.1546929164709225,4.0,Home
2023-08-11,1.6624289153265805,0.20078402203960732,3.1236313422896527,1.0,Home
2023-08-12,1.5948202739534085,0.14400707325669576,3.0896504502302875,3.0,Home
2023-08-13,1.7679353838420748,0.3062918476663201,3.257351423763399,0.0,Home
2023-08-14,2.0275058370589423,0.5064680612387373,3.4881858668945416,1.0,Home
2023-08-15,1.8758647516358686,0.41544760264244746,3.4344716338451846,2.0,Home
2023-08-16,1.8277946988392328,0.3583399885951725,3.1397767177650784,3.0,Home
2023-08-17,1.9568380514560302,0.39463630010509687,3.4797638941106364,2.0,Home
2023-08-18,1.7976954519468298,0.30865355144088896,3.2049252617026136,4.0,Home
2023-08-19,1.7029961177590143,0.21945602804606773,3.092643468106248,4.0,Home
2023-08-20,1.8472180393754123,0.3610618272722029,3.1856785486074255,1.0,Home
2023-08-21,2.0767773712032933,0.5964172819408926,3.593154139144381,2.0,Home
2023-08-22,1.8948337953458958,0.34651844091237877,3.3703740394615735,1.0,Home
2023-08-23,1.816600192497347,0.3087645253191393,3.3428001015717785,2.0,Home
2023-08-24,1.916198706257021,0.485442379526424,3.4763775318131684,5.0,Home
2023-08-25,1.7290827860724367,0.18636669501643519,3.139886799452427,1.0,Home
2023-08-26,1.6082711513290002,0.12007909808194217,3.0811593458791364,2.0,Home
2023-08-27,1.728640629799902,0.4372373482810739,3.2281826921123056,0.0,Home
2023-08-28,1.9370635554244569,0.5622440339144226,3.3903693564044124,2.0,Home
2023-08-29,1.7372111039167561,0.34637357702263316,3.155393298027872,1.0,Home
2023-08-30,1.6443342079104928,0.14319084223055867,3.0423578685022505,1.0,Home
2023-08-31,1.7326766190034224,0.3190695100166902,3.30045059734602,1.0,Home
2023-09-01,1.537933272956578,0.03116534088872565,3.123887881107853,4.0,Home
2023-09-02,1.4129617764743778,-0.011405048189355204,2.8253195973163208,3.0,Home
2023-09-03,1.5324624930524404,0.06871602444883351,3.128923254585702,3.0,Home
2023-09-04,1.7431789104461364,0.21563843767199906,3.180531604248081,2.0,Home
2023-09-05,1.5487138760051733,0.13846429023243073,2.999289244143122,1.0,Home
2023-09-06,1.4637962648797995,-0.1477647469240184,3.0733093953502104,0.0,Home
2023-09-07,1.5622647624776158,0.017743647665593935,2.9006249969536726,3.0,Home
2023-09-08,1.3795751475770008,-0.07985722848997207,2.875016089845231,1.0,Home
2023-09-09,1.2680004646161758,-0.20931828026527133,2.760453026661912,1.0,Home
2023-09-10,1.401707823540917,-0.0030656421391813543,2.980848321574241,1.0,Home
2023-09-11,1.6270292929116648,0.20207418213563338,3.0884456844476116,1.0,Home
2023-09-12,1.4472965196602925,-0.012356879788567664,3.0048344222496532,1.0,Home
2023-09-13,1.376596459969352,-0.10229559067695794,2.8560172482295756,1.0,Home
2023-09-14,1.4883269730575066,0.08701069669969314,2.9026962018093783,3.0,Home
2023-09-15,1.3177519082939253,-0.17081974036664527,2.847134461119066,0.0,Home
2023-09-16,1.2166867177993552,-0.2551593177420353,2.6804852930865284,3.0,Home
2023-09-17,1.3589667206856302,-0.206058845080604,2.757283617378672,1.0,Home
2023-09-18,1.590781446217191,0.1464357221011751,3.0764103973368897,2.0,Home
2023-09-19,1.4155189593260984,-0.06267146998134138,2.938714390481763,0.0,Home
2023-09-20,1.3470006349774892,-0.09420287610354619,2.788997422978205,0.0,Home
2023-09-21,1.4585974917397788,-0.13707433205987013,2.970222497886201,1.0,Home
2023-09-22,1.2858212759655683,-0.15896098434864744,2.7874479183448413,2.0,Home
2023-09-23,1.1804832978601165,-0.290441779608373,2.635749154395243,1.0,Home
2023-09-24,1.3165418636704018,-0.19076968678666698,2.760483379016558,0.0,Home
2023-09-25,1.5404880197811388,-0.03163966031431926,2.9721002497668363,2.0,Home
2023-09-26,1.3561880945591913,-0.2196853044878355,2.8323387304354735,0.0,Home
2023-09-27,1.2775868767571203,-0.20952448168805918,2.7038084545863597,1.0,Home
2023-09-28,1.3783751621860931,-0.07532413868891405,2.83087487139803,1.0,Home
2023-09-29,1.1946086464773116,-0.2825014227580379,2.6791598385603552,1.0,Home
2023-09-30,1.078333320097916,-0.3615454547960499,2.5199970505677247,3.0,Home
2023-10-01,1.2038070681733277,-0.2176580538905067,2.6222653980818436,1.0,Home
2023-10-02,1.41793357196225,-0.035053043570763096,2.822171239336971,2.0,Home
2023-10-03,1.2251016234275691,-0.22866523902441227,2.7989968369635854,2.0,Home
2023-10-04,1.139357057965688,-0.39376491573047634,2.637220554413068,0.0,Home
2023-10-05,1.2346236042684477,-0.18543084386419512,2.7005209623588833,1.0,Home
2023-10-06,1.0473533159586217,-0.46230118045717744,2.5002902452819717,0.0,Home
2023-10-07,0.9296237551321551,-0.5701321621874595,2.4189489289440598,2.0,Home
2023-10-08,1.0557403106495733,-0.3721435423517596,2.5202919439382234,1.0,Home
2023-10-09,1.2727259203486092,-0.17630349979958454,2.867409104158683,0.0,Home
2023-10-10,1.0851657009646984,-0.4713020643488616,2.576839992414947,0.0,Home
2023-10-11,1.0068568065527177,-0.474555037825734,2.4775758677585196,1.0,Home
2023-10-12,1.1115921204600934,-0.3045622658346476,2.645825352895109,1.0,Home
2023-10-13,0.935851869334211,-0.4926255145876098,2.3558110608344944,2.0,Home
2023-10-14,0.8313820842630593,-0.5989500356205397,2.2189266171138025,0.0,Home
2023-10-15,0.9721867250838614,-0.5234475607373292,2.32315779485142,1.0,Home
2023-10-16,1.2050816806148326,-0.128842247086441,2.711018976768474,0.0,Home
2023-10-17,1.0345523360637765,-0.4711034056785006,2.485011015304239,0.0,Home
2023-10-18,0.9738879681940971,-0.5511337994120719,2.4093297537369933,1.0,Home
2023-10-19,1.0965337364996537,-0.4235322663481015,2.645187078831524,4.0,Home
2023-10-20,0.9388276759228738,-0.5305460842323734,2.391105318086196,0.0,Home
2023-10-21,0.8520633022665112,-0.6318078750723037,2.364322572535013,0.0,Home
2023-10-22,1.0098730490318901,-0.4602154114890442,2.5886686198164255,0.0,Home
2023-10-23,1.2588467000147987,-0.2645384826812128,2.794726524394688,1.0,Home
2023-10-24,1.103400740989554,-0.3718660967794544,2.5785315359485423,2.0,Home
2023-10-25,1.0563949097963343,-0.30899031920680725,2.662035502271806,0.0,Home
2023-10-26,1.1910489861373985,-0.2938046450974801,2.7047989046935212,3.0,Home
2023-10-27,1.0437206801800774,-0.38205950374678027,2.566788890596284,0.0,Home
2023-10-28,0.9654470756044848,-0.5428365470335449,2.5346901424642474,0.0,Home
2023-10-29,1.1297134236292141,-0.3240825627919566,2.6029075907541315,3.0,Home
2023-10-30,1.3831295896729476,-0.06913851012207355,2.7858022508716003,1.0,Home
2023-10-31,1.2303044994701953,-0.2697776714257044,2.667104427765002,0.0,Home
2023-11-01,1.1839380730114937,-0.3236963034036784,2.739595740744517,2.0,Home
2023-11-02,1.3172961456632604,-0.20806312569206395,2.7554775274406853,1.0,Home
2023-11-03,1.1670228623708034,-0.18793654364300677,2.5961487968964634,1.0,Home
2023-11-04,1.0841550025130653,-0.35186651429617744,2.6262376619659853,2.0,Home
2023-11-05,1.2422707480039792,-0.22248284746446045,2.6300384868346365,0.0,Home
2023-11-06,1.4882194485810123,0.13112505670916644,3.020186126838519,2.0,Home
2023-11-07,1.3269972435510022,-0.09850276342767772,2.7505700961219746,3.0,Home
2023-11-08,1.2713113002164875,-0.07149241071070234,2.674827121506523,0.0,Home
2023-11-09,1.394610661470392,-0.11165381504070526,2.796373486471441,3.0,Home
2023-11-10,1.2339318222361009,-0.25741221814158366,2.7564353325039934,1.0,Home
2023-11-11,1.1403854755038358,-0.34667435921036677,2.5467033445306484,1.0,Home
2023-11-12,1.2876856133811256,-0.12094975958047925,2.794808844855925,1.0,Home
2023-11-13,1.522933723585364,0.0064812776906160805,3.0704286313191487,1.0,Home
2023-11-14,1.3514973692937193,-0.1826457979722182,2.8069494782735798,1.0,Home
2023-11-15,1.2860490848941877,-0.1868986786176386,2.6703510187741104,1.0,Home
2023-11-16,1.4001559628289242,-0.11237137877466116,2.9195985396222874,2.0,Home
2023-11-17,1.2311615674363168,-0.30288974088938614,2.7130822274007533,1.0,Home
2023-11-18,1.1301484795046512,-0.2909654321783724,2.557054396244729,1.0,Home
2023-11-19,1.2708512109145866,-0.18639797507632164,2.8304351958308156,1.0,Home
2023-11-20,1.5004983027865286,-0.04278109485564259,2.9681011929482026,2.0,Home
2023-11-21,1.3246972193062498,-0.16206660332684006,2.677621835308025,1.0,Home
2023-11-22,1.2559510493399633,-0.24155816944454678,2.7440627218245717,2.0,Home
2023-11-23,1.367809696313306,-0.13298061754725896,2.882977168201734,0.0,Home
2023-11-24,1.1977906472824842,-0.32748608303863297,2.595320756799726,3.0,Home
2023-11-25,1.0968194445382395,-0.3808825496339811,2.564071469065899,1.0,Home
2023-11-26,1.2385281288006864,-0.2792737582718131,2.785350953627337,1.0,Home
2023-11-27,1.4701565341181808,-0.06022565474332192,2.886545766633965,1.0,Home
2023-11-28,1.2974443820821646,-0.1969302651058297,2.727027531795568,2.0,Home
2023-11-29,1.2326262951138305,-0.2627001547578517,2.7103325040570763,0.0,Home
2023-11-30,1.3491447565180081,-0.2041626816777087,2.8737476193119478,1.0,Home
2023-12-01,1.184609616586619,-0.280439289908422,2.684440138867877,1.0,Home
2023-12-02,1.0897161503942596,-0.4333432655899179,2.510821119445528,2.0,Home
2023-12-03,1.237928534549662,-0.18314651205731158,2.6798879670060396,3.0,Home
2023-12-04,1.4764397601573966,0.062023989048913,2.866933050988856,1.0,Home
2023-12-05,1.3110703352535034,-0.1425485921259961,2.800911349811495,2.0,Home
2023-12-06,1.253741069758947,-0.249783582829049,2.6914984483100373,0.0,Home
2023-12-07,1.3777473769471118,-0.05253038729039088,2.8268710503263903,0.0,Home
2023-12-08,1.2207572481276383,-0.26796948370386103,2.634081145926559,0.0,Home
2023-12-09,1.1332068258162997,-0.38902954356305525,2.5796683808256673,1.0,Home
2023-12-10,1.288369064452722,-0.08472743404712847,2.778618921093619,2.0,Home
2023-12-11,1.5333726419927425,0.16519221491722044,2.960924731024886,0.0,Home
2023-12-12,1.374107874823216,-0.07538523196254937,2.848837232096635,1.0,Home
2023-12-13,1.3221780807079548,-0.10054253004437631,2.8130209390167717,1.0,Home
2023-12-14,1.4507361942406727,-0.09596277117225141,2.8523632899189835,1.0,Home
2023-12-15,1.2975222994501572,-0.22285939044327163,2.7293345073409,0.0,Home
2023-12-16,1.2127378644637585,-0.26774993749429377,2.8074563395407113,3.0,Home
2023-12-17,1.3695007201586489,-0.08936261691923453,2.7576765043664295,1.0,Home
2023-12-18,1.6149240172876667,0.03662361354152182,3.0526045200821263,6.0,Home
2023-12-19,1.4550302360501817,-0.030867311103263403,2.935739672705977,2.0,Home
2023-12-20,1.4011817671979543,-0.03815683573160378,2.7876392970744592,2.0,Home
2023-12-21,1.5264801670082586,0.09160490381258404,2.9118754758483667,1.0,Home
2023-12-22,1.3688431930177583,-0.04314887220946744,2.786199525440233,1.0,Home
2023-12-23,1.2783572089210966,-0.198808751638723,2.734378501984408,0.0,Home
2023-12-24,1.4281175126545524,-0.07710271427638898,2.9161686531667534,2.0,Home
2023-12-25,1.6653658664822661,0.2311153632781876,3.0670159061803903,0.0,Home
2023-12-26,1.4964106164829023,0.0005152400909517927,2.9557603179056593,3.0,Home
2023-12-27,1.4325340057188247,-0.023260565497046932,2.918333072746068,2.0,Home
2023-12-28,1.54695111219176,0.14389923118171055,3.0292466268807026,1.0,Home
2023-12-29,1.3779230105717482,-0.03504340706732891,2.8796486790322087,3.0,Home
2023-12-30,1.2755836197302732,-0.2699072661896923,2.849052066536864,2.0,Home
2023-12-31,1.413161389135963,-0.07104776518870934,3.0048696622130433,0.0,Home
2024-01-01,1.6381712500750512,0.15849420410175927,3.0179663275523443,0.0,Home
2024-01-02,1.4573366480579828,-0.07131009389002115,3.0154488201644902,1.0,Home
2024-01-03,1.3819694709129442,-0.15211770621739198,2.8264812883847723,1.0,Home
2024-01-04,1.4854847631656387,0.07541667669723826,3.0082750933697566,1.0,Home
2024-01-05,1.30654645033691,-0.1661438819067579,2.8521806253826067,1.0,Home
2024-01-06,1.1953655380073076,-0.35010314486851746,2.5857746243042836,1.0,Home
2024-01-07,1.3253006607696463,-0.12511545759006623,2.822297468618807,3.0,Home
2024-01-08,1.544102665031406,0.04890480691903392,3.097430290787495,0.0,Home
2024-01-09,1.3588375665129686,-0.15611155886148378,2.856409075740133,3.0,Home
2024-01-10,1.2807389829946874,-0.11518899807298796,2.791086683992778,1.0,Home
2024-01-11,1.3832794466500693,-0.04685805250737858,2.8656130168567224,0.0,Home
2024-01-12,1.2053504714226175,-0.4144391065728734,2.792608121313866,3.0,Home
2024-01-13,1.097034844562257,-0.5001904665866296,2.532258523495928,0.0,Home
2024-01-14,1.23158971172096,-0.22384352532149412,2.7425866671555417,0.0,Home
2024-01-15,1.4567483407792006,-0.047541625770683035,2.8735169252352497,1.0,Home
2024-01-16,1.2796493449664963,-0.21724846036060885,2.7429260235595336,2.0,Home
2024-01-17,1.2111676402251552,-0.24657177976306935,2.7931998738994257,0.0,Home
2024-01-18,1.3245489187757853,-0.20141264888153607,2.7966823318969145,0.0,Home
2024-01-19,1.1586310084808247,-0.23809277669735177,2.719998701431094,0.0,Home
2024-01-20,1.0630974161165394,-0.43883438955489934,2.5896143263071583,2.0,Home
2024-01-21,1.2108501305977033,-0.281222773877297,2.776258545448242,1.0,Home
2024-01-22,1.4493755765215486,-0.060108714137890054,2.8867751159916355,5.0,Home
2024-01-23,1.2856867401710832,-0.10570982490131156,2.7495342467562147,1.0,Home
2024-01-24,1.23013872249446,-0.32893514012536323,2.620934515762732,3.0,Home
2024-01-25,1.3556316929221492,-0.06590254753449658,2.8471284591779047,1.0,Home
2024-01-26,1.2008779368208704,-0.40316441091077754,2.759925193080029,0.0,Home
2024-01-27,1.115139972943964,-0.3339532135731749,2.5080728570459674,1.0,Home
2024-01-28,1.270995197790595,-0.2279126731992239,2.7363624887292826,2.0,Home
2024-01-29,1.5157668564181217,0.02242116030635802,3.0549387391649683,1.0,Home
2024-01-30,1.356478539979185,-0.10334364942857123,2.88578071078338,1.0,Home
2024-01-31,1.3031524169039055,-0.16493121287804918,2.829776076176039,3.0,Home
2024-02-01,1.4285773731924443,-0.058257104388230424,2.8767832249300636,0.0,Home
2024-02-02,1.2716171262566482,-0.18921050503348139,2.7056988334749392,2.0,Home
2024-02-03,1.1814270531555977,-0.2539568725550387,2.640415233679047,1.0,Home
2024-02-04,1.3306036931503689,-0.13861886000725476,2.7939575465786164,3.0,Home
2024-02-05,1.5666727894465404,-0.023130787989262575,3.006314052045142,2.0,Home
2024-02-06,1.3970474354125055,-0.024915298389552563,2.9359200578101348,2.0,Home
2024-02-07,1.331799696578745,-0.10345750136297326,2.7788054402662885,1.0,Home
2024-02-08,1.4439843177999632,-0.052796080217039396,2.9350186143358985,1.0,Home
2024-02-09,1.2729781990293563,-0.30216091070264844,2.770112433496187,4.0,Home
2024-02-10,1.1681663996106957,-0.26283111375691165,2.6658732781948418,2.0,Home
2024-02-11,1.3024673895819023,-0.22755987582780998,2.7211117708834056,0.0,Home
2024-02-12,1.5238697280315445,0.014181837685315632,3.0891173428650616,2.0,Home
2024-02-13,1.3403863349859984,-0.06919159760822509,2.7492899643310382,1.0,Home
2024-02-14,1.2622931091018998,-0.2217964961678448,2.738587980177885,1.0,Home
2024-02-15,1.363003124782965,-0.041439169707054066,2.8606877894922245,2.0,Home
2024-02-16,1.1824338695230312,-0.33968379652722613,2.715674851418294,0.0,Home
2024-02-17,1.0701604220269794,-0.4089321620819126,2.515890876889688,0.0,Home
2024-02-18,1.1993161289825347,-0.33855889979821485,2.5767798071948644,0.0,Home
2024-02-19,1.4181793128976474,-0.09316373282198073,2.8505471828256654,1.0,Home
2024-02-20,1.235126770824187,-0.20471327491412838,2.735874056812562,1.0,Home
2024-02-21,1.1603441428549002,-0.3547317357047842,2.554501240840996,1.0,Home
2024-02-22,1.2672569100833355,-0.27182130948284344,2.700238587535809,1.0,Home
2024-02-23,1.0959331183293481,-0.3347289372000201,2.6393845913318357,1.0,Home
2024-02-24,0.9957126873400314,-0.5973458935234689,2.4806179673946915,1.0,Home
2024-02-25,1.1394934869231277,-0.5471031955253175,2.645479221756637,2.0,Home
2024-02-26,1.375378818553738,0.015154972463482914,2.900740821155447,1.0,Home
2024-02-27,1.2116413856754147,-0.27386364565676374,2.567836252625305,3.0,Home
2024-02-28,1.1579168731710892,-0.30675546835845924,2.6264220574105295,2.0,Home
2024-02-29,1.2872031273076805,-0.18052467365120423,2.810884345435357,0.0,Home
2024-03-01,1.1393093720840992,-0.30138733033016274,2.543646987410107,3.0,Home
2024-03-02,1.0629719929256498,-0.36223974961386673,2.591378732084516,1.0,Home
2024-03-03,1.2305354199584198,-0.24250188097547198,2.664513487963204,2.0,Home
2024-03-04,1.489668604414787,-0.01124968587910562,2.9623977719290577,0.0,Home
2024-03-05,1.3483462741186505,-0.17684866617242684,2.8088988458356923,2.0,Home
2024-03-06,1.315530944265115,-0.22839992271188753,2.7798092833302723,1.0,Home
2024-03-07,1.4637437623683072,-0.01067608452649763,2.950685076149847,2.0,Home
2024-03-08,1.3325618634307794,-0.17677275555232147,2.848539938420683,3.0,Home
2024-03-09,1.2702203863586357,-0.04785776592647283,2.7822880615615326,3.0,Home
2024-03-10,1.4486860331841755,-0.15390719797052754,2.9486194972712747,1.0,Home
2024-03-11,1.7154385682374418,0.20207930705657492,3.0656098360647843,2.0,Home
2024-03-12,1.578463643464789,0.15449011424770914,3.0918680094566464,2.0,Home
2024-03-13,1.5464159258738386,0.0746007556123222,2.93240927825077,2.0,Home
2024-03-14,1.6917528802880841,0.2766351988024706,3.1134974800842317,3.0,Home
2024-03-15,1.5542703482358378,0.07634350389680325,2.896166832506831,1.0,Home
2024-03-16,1.482179950428058,-0.02178811517182724,2.9178612436995643,0.0,Home
2024-03-17,1.647563825065745,0.16006790164206033,3.0841155071507127,1.0,Home
2024-03-18,1.8982093013384667,0.3972960167865905,3.380009075569232,2.0,Home
2024-03-19,1.7426014024229175,0.38453897237282897,3.25371119141209,0.0,Home
2024-03-20,1.6895554624236566,0.17632226348924454,3.1955116629435816,0.0,Home
2024-03-21,1.8119027858153307,0.3836463304068377,3.258131147154836,1.0,Home
2024-03-22,1.650054240259626,0.14204936240325342,3.1220826483091937,5.0,Home
2024-03-23,1.552543948489434,0.08352307870748123,2.986530517940761,3.0,Home
2024-03-24,1.6918574530585428,0.171271102777257,3.1519936792908747,1.0,Home
2024-03-25,1.916313349589839,0.5205155586884199,3.3463554182018806,2.0,Home
2024-03-26,1.735050942640083,0.3251847970711332,3.145967401243133,2.0,Home
2024-03-27,1.6571296224767473,0.2222066969979433,3.2164315376443926,2.0,Home
2024-03-28,1.7557655229449693,0.4109687431818939,3.2215008994403536,6.0,Home
2024-03-29,1.5719241071789722,0.19368031845432349,3.017002192150224,2.0,Home
2024-03-30,1.4543329403082967,0.10164377220329866,2.995657781660171,2.0,Home
2024-03-31,1.575687790766656,0.12843934472805996,3.0272309204778955,4.0,Home
2024-04-01,1.7845873120700364,0.26594863596122625,3.216439051396311,1.0,Home
2024-04-02,1.590523336861092,0.08834878357395189,3.145037664269842,1.0,Home
2024-04-03,1.5024556763587278,0.034384019104130595,2.930212487871995,1.0,Home
2024-04-04,1.593609367521268,0.07845857144783785,3.1796785062304878,1.0,Home
2024-04-05,1.405106497658128,-0.04877594243966572,2.815300600735941,2.0,Home
2024-04-06,1.2854586707178075,-0.19664505558608142,2.7969784387946954,0.0,Home
2024-04-07,1.4071617289370901,-0.04972656924076971,2.890333372590034,3.0,Home
2024-04-08,1.6186939433305634,0.1603806695833593,3.107481050679341,2.0,Home
2024-04-09,1.4295188973188953,0.01939121636771518,2.8377129909427268,0.0,Home
2024-04-10,1.3481448838358796,-0.1322192536263761,2.7142960934366127,3.0,Home
2024-04-11,1.4474908976863685,-0.11658625469729274,2.89805734961668,2.0,Home
2024-04-12,1.268564625077153,-0.22045141403116325,2.627236637484699,2.0,Home
2024-04-13,1.1594401264566125,-0.3013971197328823,2.6897268279774287,0.0,Home
2024-04-14,1.2922451675414264,-0.11780901461186033,2.8918430808882998,1.0,Home
2024-04-15,1.515225288730092,-0.033793801095526724,2.936540767330481,0.0,Home
2024-04-16,1.3377599926514745,-0.12322046466978029,2.8317192788624768,0.0,Home
2024-04-17,1.2679058091665543,-0.1837892200241115,2.7220633307891133,0.0,Home
2024-04-18,1.3783285187155823,-0.08629694190811793,2.865205192029304,2.0,Home
2024-04-19,1.2100233138382228,-0.2911765179575276,2.721884153187729,2.0,Home
2024-04-20,1.1107723749754557,-0.3683947890859051,2.6310531589968833,0.0,Home
2024-04-21,1.252518342609537,-0.24679260506290057,2.704075971584659,1.0,Home
2024-04-22,1.4834868705515831,0.023332450230001328,3.0288330993940122,1.0,Home
2024-04-23,1.3132080389286214,-0.10987065126189671,2.7861559280014183,3.0,Home
2024-04-24,1.2495345862712242,-0.23979651839742938,2.789466748626031,1.0,Home
2024-04-25,1.3651317118944568,-0.07375324842185814,2.8994723130996496,2.0,Home
2024-04-26,1.2012308791353925,-0.42553495434097843,2.6194861230634965,1.0,Home
2024-04-27,1.1055591418779247,-0.4201497311138761,2.5997176068076593,1.0,Home
2024-04-28,1.250091255370157,-0.18286755490712475,2.8126415473284725,0.0,Home
2024-04-29,1.4832240803962558,-0.030877849704929582,2.9492570046498234,0.0,Home
2024-04-30,1.3147976587263768,-0.16714204330362295,2.7895736025203246,0.0,Home
2024-05-01,1.2525842848106883,-0.3744833891072798,2.726028878859651,0.0,Home
2024-05-02,1.369332920640931,-0.22670437814434488,2.86178858231708,1.0,Home
2024-05-03,1.2065551166479465,-0.2659157187145477,2.693173479976932,2.0,Home
2024-05-04,1.1119260428253563,-0.35031728012246344,2.6238072979236704,3.0,Home
2024-05-05,1.257416658014469,-0.2009903742750456,2.805879309989694,3.0,Home
2024-05-06,1.491522791956153,0.02943421725190783,3.037713211409534,0.0,Home
2024-05-07,1.324290013491845,-0.07712474112143233,2.745709666920069,0.0,Home
2024-05-08,1.2632788298163515,-0.19173857548721782,2.848895325858736,0.0,Home
2024-05-09,1.3811699762691145,-0.06943724714173967,2.84894019020719,1.0,Home
2024-05-10,1.2195894771401556,-0.2363495136468248,2.64737260732486,0.0,Home
2024-05-11,1.1259889234350666,-0.2971702043033902,2.6925162750908167,1.0,Home
2024-05-12,1.2721655048547162,-0.1976365857193252,2.6506440264993136,1.0,Home
2024-05-13,1.5065535687376876,-0.041865497676716754,3.0968699033990985,1.0,Home
2024-05-14,1.3392608060432905,-0.05674674733709259,2.851830847982238,2.0,Home
2024-05-15,1.2775165673518254,-0.2152821526927987,2.69432578237882,1.0,Home
2024-05-16,1.3938442343625865,-0.1712571294110795,2.7601669374389695,1.0,Home
2024-05-17,1.2299306213758594,-0.1383034835511654,2.6400939200012474,2.0,Home
2024-05-18,1.1329895011183952,-0.29841766462363795,2.5619554516048373,0.0,Home
2024-05-19,1.274672144621492,-0.25463055374349247,2.782711698200051,3.0,Home
2024-05-20,1.5034225309418519,0.15913693197813428,2.988382700246416,0.0,Home
2024-05-21,1.3295244841996234,-0.11685169756034385,2.8392502501151347,0.0,Home
2024-05-22,1.2600311779586792,-0.20716807396262396,2.7059586925017696,0.0,Home
2024-05-23,1.367501127222994,-0.17832054425263358,2.798477695025083,1.0,Home
2024-05-24,1.1939070145573063,-0.3167576948276875,2.6881688380631554,3.0,Home
2024-05-25,1.0864762186405468,-0.46902788259990424,2.502219996145092,0.0,Home
2024-05-26,1.216984457452208,-0.16450940484420087,2.681330891252236,0.0,Home
2024-05-27,1.4341662945474263,0.01663018183464359,2.9261092209776964,1.0,Home
2024-05-28,1.2487641666863718,-0.3223856430078269,2.7123027792756935,5.0,Home
2024-05-29,1.167929580534568,-0.3803014929314432,2.583781709329057,0.0,Home
2024-05-30,1.2645130830406481,-0.3989436658822121,2.7551510396879415,1.0,Home
2024-05-31,1.081003024152089,-0.4426501284695607,2.5047787995103463,1.0,Home
2024-06-01,0.9648340560903207,-0.4009268037037939,2.497461651165022,2.0,Home
2024-06-02,1.0880555985553224,-0.5025808816190864,2.6053559572009526,2.0,Home
2024-06-03,1.2997903891604847,-0.18891225791581934,2.7080090423564505,0.0,Home
2024-06-04,1.1112794316627765,-0.3757622763126255,2.5814195358927434,1.0,Home
2024-06-05,1.0297504177999088,-0.38735091034378766,2.591274212032963,1.0,Home
2024-06-06,1.1282588923548174,-0.42565555790668974,2.5486480057813554,3.0,Home
2024-06-07,0.9496559867437994,-0.3765318991148714,2.4109176387993303,2.0,Home
2024-06-08,0.8413658251081831,-0.5866570521121843,2.2814004143114106,1.0,Home
2024-06-09,0.9754316791632248,-0.48555763455850715,2.409571295117014,0.0,Home
2024-06-10,1.2010273357536654,-0.3541500791624281,2.614116969130272,0.0,Home
2024-06-11,1.0295045617228507,-0.5386214715396389,2.5355686233796386,1.0,Home
2024-06-12,0.9677370330070196,-0.5738828176523957,2.3723902521649856,1.0,Home
2024-06-13,1.0885224739768895,-0.4341227109054255,2.4794452407170042,2.0,Home
2024-06-14,0.9345904031297741,-0.55143675742435,2.4368496841379668,1.0,Home
2024-06-15,0.852860471945353,-0.7110826649448653,2.3656367704358554,3.0,Home
2024-06-16,1.0148790091372444,-0.4869674753937077,2.546115890898844,0.0,Home
2024-06-17,1.26939624232604,-0.21326464780147875,2.6774711724952933,1.0,Home
2024-06-18,1.127429300609128,-0.34212490058408235,2.5438962417264377,1.0,Home
2024-06-19,1.0950942959961434,-0.32451008427736544,2.5526377649796768,0.0,Home
2024-06-20,1.2445813494789155,-0.12338260085224798,2.76701033101455,0.0,Home
2024-06-21,1.1182131850194272,-0.3210069979617059,2.7039364635694065,1.0,Home
2024-06-22,1.062193840506226,-0.4190027598507869,2.5465793974711644,1.0,Home
2024-06-23,1.2474433559699778,-0.20818973887836953,2.7887894905276798,3.0,Home
2024-06-24,1.5222466717493723,0.02398046753460094,2.9200393191629708,1.0,Home
2024-06-25,1.3973358600111003,-0.18174770756459155,2.7898879346282572,2.0,Home
2024-06-26,1.3782117742753968,-0.15034482942679098,2.738474266190588,2.0,Home
2024-06-27,1.5366910172579824,-0.0020315947741697932,2.9648521893234014,0.0,Home
2024-06-28,1.4150120547023075,0.038040736823307594,2.922909272933594,0.0,Home
2024-06-29,1.3590686276814832,-0.21183725089721894,2.758444952928733,2.0,Home
2024-06-30,1.5396346764460869,0.01556393388480216,3.021981717515194,3.0,Home
2024-07-01,1.8050749354862314,0.37158358420955595,3.3331146476018136,5.0,Home
2024-07-02,1.6664345673026286,0.23040021091774301,3.1845833275445883,3.0,Home
2024-07-03,1.6292369827483988,0.25158656036137894,3.2317632618788266,3.0,Home
2024-07-04,1.7655881049910007,0.32931516996583604,3.2000715146539034,2.0,Home
2024-07-05,1.618314468669287,0.1236356354820567,3.0872165949844907,1.0,Home
2024-07-06,1.5336652979046972,-0.08169657354660304,2.924926715296192,2.0,Home
2024-07-07,1.6829115346098207,0.17424634777851508,3.197521307205983,2.0,Home
2024-07-08,1.915102316911197,0.4558945878732986,3.4165326244349443,3.0,Home
2024-07-09,1.7421469285928974,0.21579930529896207,3.1576157919507044,3.0,Home
2024-07-10,1.6700748253674997,0.21250619702734358,3.168178263405196,1.0,Home
2024-07-11,1.7716847214821703,0.35808469186642405,3.2785166963317454,0.0,Home
2024-07-12,1.5907040262765246,0.19129393759466018,3.0268518671338858,0.0,Home
2024-07-13,1.4739510552281458,0.052847222691866126,2.8677590500880985,0.0,Home
2024-07-14,1.5933019830968442,0.015799935463494216,3.087627976319739,1.0,Home
2024-07-15,1.7984895570170627,0.39803564232002214,3.311320200232221,2.0,Home
2024-07-16,1.6021763581009896,0.15535637200574814,3.1074222357163555,0.0,Home
2024-07-17,1.5106787217656885,-0.028770315205143487,2.9833126649659283,2.0,Home
2024-07-18,1.597165004032098,0.08129694486980707,3.0550441060537215,1.0,Home
2024-07-19,1.4058432896325177,0.00862135668791459,2.8235675092884587,0.0,Home
2024-07-20,1.2835930887351357,-0.2547395022564528,2.768011428563529,0.0,Home
2024-07-21,1.4023117642344298,-0.1359053764959662,2.7717570081941774,2.0,Home
2024-07-22,1.611768946353888,0.058572716102417315,3.013721208452169,3.0,Home
2024-07-23,1.4246861611092092,-0.05175849145160959,2.82310418710903,1.0,Home
2024-07-24,1.3469409157122962,-0.18520395051365174,2.807726587318146,1.0,Home
2024-07-25,1.451331228052251,-0.040963637508760004,3.0138667517180133,1.0,Home
2024-07-26,1.281809076602659,-0.1174622151689343,2.690909470340865,0.0,Home
2024-07-27,1.1845990033728968,-0.26968607031396563,2.667589442818643,0.0,Home
2024-07-28,1.3309409503527687,-0.20664877624389533,2.8295351691008905,1.0,Home
2024-07-29,1.5700164011817541,0.09815164953977436,3.113505648294454,0.0,Home
2024-07-30,1.414049091769839,-0.053138943569198266,2.9014120223263085,2.0,Home
2024-07-31,1.3680022984341542,-0.03164964966621268,2.9410612557831617,4.0,Home
2024-08-01,1.5039206662366922,0.0066742519707719055,2.8943148281347306,1.0,Home
2024-08-02,1.3652181614962806,-0.20656347442706446,2.738085150676897,1.0,Home
2024-08-03,1.2972898525291339,-0.1397265137396726,2.8440410976588137,1.0,Home
2024-08-04,1.4706547870759126,0.002700712559848886,2.9558326640332857,2.0,Home
2024-08-05,1.7339547705345766,0.26648650861987,3.0807678775688623,2.0,Home
2024-08-06,1.5990743329151282,0.05532327639287516,3.0010597316722403,2.0,Home
2024-08-07,1.5703267155607294,0.08936476847157218,3.126081010190027,2.0,Home
2024-08-08,1.7193659409721618,0.33351506532320946,3.1687156793124123,2.0,Home
2024-08-09,1.5895198471715357,0.1559829269029884,3.003434144809573,3.0,Home
2024-08-10,1.5258835113452804,0.10329373794535489,3.0360158071928294,2.0,Home
2024-08-11,1.6988488212749253,0.18489970759248583,3.100400700761957,0.0,Home
2024-08-12,1.9571610776726815,0.5371890711979089,3.499539512073221,2.0,Home
2024-08-13,1.8130423215216096,0.3354490760253182,3.364295056218137,2.0,Home
2024-08-14,1.7708494471807044,0.3426815698318903,3.3958801924703033,1.0,Home
2024-08-15,1.902539686930343,0.48030444327216754,3.289058585120605,1.0,Home
2024-08-16,1.7520320709447457,0.26475628016906294,3.1778548695206355,0.0,Home
2024-08-17,1.664766425541467,0.20114735562118477,3.201963643501062,4.0,Home
2024-08-18,1.8116045571651214,0.3076032736179059,3.2881597059332033,2.0,Home
2024-08-19,2.041930954320386,0.49685093425734783,3.581862713649301,0.0,Home
2024-08-20,1.868767439725379,0.3791650251257821,3.3071928682365708,2.0,Home
2024-08-21,1.796893348520708,0.27756864818217325,3.2513335702879385,2.0,Home
2024-08-22,1.8988565724033957,0.41541399453497807,3.2986812951347657,0.0,Home
2024-08-23,1.7193579689095968,0.3145159896560508,3.1488302443372898,0.0,Home
2024-08-24,1.6042729463854732,0.08322315512868633,2.9995394257440084,1.0,Home
2024-08-25,1.72492380528016,0.21346298394059154,3.251113566286271,0.0,Home
2024-08-26,1.9312265955071468,0.45031843292699786,3.3522070223454477,2.0,Home
2024-08-27,1.7368015741013887,0.32376410175357534,3.170905254998054,2.0,Home
2024-08-28,1.6465622063044358,0.23384207784483726,3.086375598067713,2.0,Home
2024-08-29,1.7332805992954163,0.20001509302954049,3.229516977356348,2.0,Home
2024-08-30,1.5420055071450591,-0.009191941550490145,3.0185417083335873,2.0,Home
2024-08-31,1.4185586656979141,-0.1420916343738094,3.028275318969168,0.0,Home
2024-09-01,1.5341916363600965,0.0667282927528805,3.1656500162718064,2.0,Home
2024-09-02,1.7387929852315323,0.298408461312989,3.2564138299967254,4.0,Home
2024-09-03,1.5460091567483967,0.08210013916344176,3.054626326186345,1.0,Home
2024-09-04,1.4603169692148816,0.10598820206747944,3.0012705381041958,2.0,Home
2024-09-05,1.5541577918952694,0.04392424976741085,3.1465209942037107,2.0,Home
2024-09-06,1.3724028168255271,-0.17387038180972098,2.8690257311789353,1.0,Home
2024-09-07,1.2603367909712415,-0.30961494851750493,2.7458026566402296,0.0,Home
2024-09-08,1.388710677051301,-0.10356663408130869,2.8402190958769107,2.0,Home
2024-09-09,1.6070188670975338,0.11631607994763064,3.093113058730706,0.0,Home
2024-09-10,1.4286383602302304,-0.07621090953700421,2.92936745508534,3.0,Home
2024-09-11,1.3573906453475328,-0.1861672973645387,2.866629420624272,3.0,Home
2024-09-12,1.465248403226729,-0.021579523421574955,2.8277548247901256,1.0,Home
2024-09-13,1.296849657766618,-0.1994019594391071,2.8370269435654665,1.0,Home
2024-09-14,1.1969683489987692,-0.2511452895991798,2.7200236446016404,0.0,Home
2024-09-15,1.3359601428207872,-0.17817307273977256,2.875026885306782,1.0,Home
2024-09-16,1.563105011070385,0.09372096142923422,3.0344414295401654,1.0,Home
2024-09-17,1.3917582084162596,-0.13796902510941797,2.881018027847055,0.0,Home
2024-09-18,1.3253934081839458,-0.06677656649856405,2.7964273784929077,6.0,Home
2024-09-19,1.435872413704954,-0.09171666921153969,2.819142479839433,1.0,Home
2024-09-20,1.2679975704406101,-0.21560242165735288,2.628329216304495,2.0,Home
2024-09-21,1.1664577611881997,-0.3115264349043096,2.615269703292044,0.0,Home
2024-09-22,1.3016554637084465,-0.22472296063895578,2.6606480292220738,1.0,Home
2024-09-23,1.5231026380013117,0.10190823770403504,3.0452686313152055,1.0,Home
2024-09-24,1.3445716061847406,-0.13966962395618127,2.789075007534556,1.0,Home
2024-09-25,1.2696080188463745,-0.22301797588631617,2.7513132290790767,2.0,Home
2024-09-26,1.3703529175663032,-0.10452022554389416,2.806783248796576,3.0,Home
2024-09-27,1.1921237786599976,-0.25668945228389756,2.6164327837596577,2.0,Home
2024-09-28,1.0798275610599184,-0.3660523560570561,2.455663359289838,2.0,Home
2024-09-29,1.2041620941285343,-0.31008263995854846,2.711511598157902,1.0,Home
2024-09-30,1.4150599550793042,-0.095463399885429,2.8844821886500633,0.0,Home
2024-10-01,1.2268356379687226,-0.19210753387967897,2.691812988612991,0.0,Home
2024-10-02,1.1431664943534126,-0.309929679719888,2.628292344930281,2.0,Home
2024-10-03,1.2364670544537884,-0.20940041432127263,2.7933371118536336,4.0,Home
2024-10-04,1.0525003322127742,-0.36500249721589,2.577418091262754,1.0,Home
2024-10-05,0.9362611910740638,-0.6363379013979423,2.3635643659879317,0.0,Home
2024-10-06,1.0585568342541938,-0.5123250856344219,2.6394759466793976,3.0,Home
2024-10-07,1.2695047858312356,-0.11942378117613475,2.7881730104487437,1.0,Home
2024-10-08,1.0836836060672401,-0.34646934363197573,2.629538414110355,2.0,Home
2024-10-09,1.0045899840639698,-0.5036111734464782,2.4099625314182354,0.0,Home
2024-10-10,1.1045741737167338,-0.3036486561763874,2.530338182118117,1.0,Home
2024-10-11,0.9294908409433501,-0.5416710448032943,2.42199937810713,1.0,Home
2024-10-12,0.8240621947884615,-0.6753613293107168,2.2960799902522795,0.0,Home
2024-10-13,0.9588469387922351,-0.45473899615922575,2.4276913257745494,1.0,Home
2024-10-14,1.1838013800634795,-0.3872092182726127,2.5847489205755885,2.0,Home
2024-10-15,1.013442151632527,-0.5264451512796638,2.5753364448064735,0.0,Home
2024-10-16,0.9507871471005647,-0.5419567546474328,2.41337309937335,0.0,Home
2024-10-17,1.0678588108508993,-0.3980853262187615,2.5434656338254955,1.0,Home
2024-10-18,0.9103801680108504,-0.5464616776262701,2.3962503355436615,3.0,Home
2024-10-19,0.8226221488384522,-0.7068154385299433,2.2189310504475657,1.0,Home
2024-10-20,0.9747641395711527,-0.48043565504508856,2.483364625888117,1.0,Home
2024-10-21,1.2165200291182028,-0.27617210962853106,2.693749961328294,2.0,Home
2024-10-22,1.0623134177605764,-0.429282395877793,2.454871289105749,0.0,Home
2024-10-23,1.0147015777976909,-0.5056507308195631,2.4740949980700537,2.0,Home
2024-10-24,1.1454445558842337,-0.24858069556698095,2.6318546980857915,0.0,Home
2024-10-25,1.000243217929578,-0.47005741760938347,2.5030362895114813,1.0,Home
2024-10-26,0.9230666009447756,-0.5195506101263093,2.385269420571538,0.0,Home
2024-10-27,1.0838990498987873,-0.3298723475177908,2.5389875012610092,3.0,Home
2024-10-28,1.3324255088121193,-0.15103908810272793,2.7896126797076115,3.0,Home
2024-10-29,1.1832130229275253,-0.3565732778031431,2.7537188321971704,0.0,Home
2024-10-30,1.1386112193274653,-0.4128112485468632,2.5120587101842546,3.0,Home
2024-10-31,1.2703805896981555,-0.24333129768612932,2.7709812676732217,1.0,Home
2024-11-01,1.1244659756101762,-0.45936726083237184,2.49760297693386,1.0,Home
2024-11-02,1.0447976035537352,-0.5231521850694955,2.5524603184520123,1.0,Home
2024-11-03,1.201418852536019,-0.22072260809760225,2.6613846840096795,1.0,Home
2024-11-04,1.4442253635971873,-0.08281285232271572,3.003558706400439,1.0,Home
2024-11-05,1.2881480572130801,-0.1585094295815587,2.878770734907349,2.0,Home
2024-11-06,1.235526097437228,-0.2527475354274698,2.6359360161419323,1.0,Home
2024-11-07,1.3582911283683106,-0.18882850409896995,2.8011099257875145,0.0,Home
2024-11-08,1.2027738237139018,-0.16798196027101708,2.6555832630530296,0.0,Home
2024-11-09,1.112977093457337,-0.31403598355605916,2.668923221632745,1.0,Home
2024-11-10,1.2590838229511936,-0.19309632915077318,2.806433712941803,1.0,Home
2024-11-11,1.4912499571133715,-0.04174700326759606,2.9811271113791693,2.0,Home
2024-11-12,1.3247899458889254,-0.11927900409294878,2.792088921797627,2.0,Home
2024-11-13,1.2620237830989898,-0.30807753674130683,2.679130366723583,1.0,Home
2024-11-14,1.3750193721780666,-0.04601117596005436,2.7884215813595405,2.0,Home
2024-11-15,1.2104347940595237,-0.2994195985472695,2.7313265824639714,0.0,Home
2024-11-16,1.1122667041673624,-0.28984428618257396,2.6372301646620766,2.0,Home
2024-11-17,1.2507413088115902,-0.23046560075986372,2.703838443419083,3.0,Home
2024-11-18,1.4761648198463642,0.01733165896831581,2.9257240508805906,0.0,Home
2024-11-19,1.3041147410747533,-0.25274158628921795,2.735842612507417,0.0,Home
2024-11-20,1.2367643068910368,-0.23512329099847282,2.6247392099847087,0.0,Home
2024-11-21,1.3461861207746506,-0.010687593839977914,2.806254056945329,1.0,Home
2024-11-22,1.1792330234130204,-0.2991524768943785,2.601786368735719,1.0,Home
2024-11-23,1.079764236282758,-0.3761074843179541,2.6091600093675575,1.0,Home
2024-11-24,1.2179217591961562,-0.17287289284128984,2.7214735302240327,2.0,Home
2024-11-25,1.4440399782134565,-0.09168046607657822,2.849848108781323,1.0,Home
2024-11-26,1.2738441641991232,-0.1999400345468383,2.7255906419175564,4.0,Home
2024-11-27,1.2092532779234935,-0.2826725072181358,2.658312111977348,0.0,Home
2024-11-28,1.3222454667594012,-0.05556997965820087,2.8600697100390597,4.0,Home
2024-11-29,1.1597777750663683,-0.24031709341427654,2.713366462595351,1.0,Home
2024-11-30,1.0654899829150173,-0.43791499473960616,2.545625873763509,0.0,Home
2024-12-01,1.209366139265396,-0.22248992393300648,2.711917008051866,0.0,Home
2024-12-02,1.441702869334823,-0.009362962121146677,2.9668699307579987,3.0,Home
2024-12-03,1.2783145322825793,-0.1221845027804741,2.736775787482393,4.0,Home
2024-12-04,1.2208138095379877,-0.3259037082213037,2.6585386408847747,2.0,Home
2024-12-05,1.3410385121037645,-0.11485949660950567,2.8410406108408925,1.0,Home
2024-12-06,1.1860096808872282,-0.3055602607930393,2.6375891694825375,1.0,Home
2024-12-07,1.0991128143297038,-0.33711464359326887,2.515693666647173,1.0,Home
2024-12-08,1.2501444166513829,-0.2512787962017392,2.7050753759845434,1.0,Home
2024-12-09,1.4893390964300937,-0.13085164402039243,3.0588421246138875,2.0,Home
2024-12-10,1.3325816998389797,-0.13946058791391858,2.7730961417937405,0.0,Home
2024-12-11,1.2811662208120087,-0.3128345359697629,2.7824535601506533,1.0,Home
2024-12-12,1.4067846622035407,-0.030271549005040126,2.9418899977971025,0.0,Home
2024-12-13,1.2565244421303856,-0.23514055595720096,2.692558315084797,2.0,Home
2024-12-14,1.1735280542835775,-0.17395100877480185,2.66132333580115,1.0,Home
2024-12-15,1.3274257462778485,-0.061342736696070176,2.801290114566552,1.0,Home
2024-12-16,1.5684225300055388,0.13894091960065674,2.9607441229734985,1.0,Home
2024-12-17,1.412518344403937,-0.19999358636575534,2.923751389575956,1.0,Home
2024-12-18,1.3607461991048133,-0.11152144614738449,2.9552390558559614,1.0,Home
2024-12-19,1.4847237828871673,-0.06477887456508452,2.9433302192583004,1.0,Home
2024-12-20,1.3316905783383624,-0.08703866280630135,2.882196723536308,1.0,Home
2024-12-21,1.244645999536464,-0.20309947592763938,2.787107054305255,0.0,Home
2024-12-22,1.3931678305598192,-0.11541953631941185,2.8311482217214494,0.0,Home
2024-12-23,1.627558318505771,0.04757448626394081,3.0685877017707215,3.0,Home
2024-12-24,1.464071047859069,0.03534016562074322,2.8464972887407627,2.0,Home
2024-12-25,1.4036264982585327,-0.03171191460272261,2.912416860078013,1.0,Home
2024-12-26,1.5179240852701672,-0.027719647591848463,2.9212172738384274,1.0,Home
2024-12-27,1.3545161979045401,-0.1175500607613111,2.8864682686268925,1.0,Home
2024-12-28,1.256421602378837,-0.23463783254151988,2.750703678695046,3.0,Home
2024-12-29,1.3933260672069645,6.013124673764583e-05,2.8033925447687627,1.0,Home
2024-12-30,1.615783684347387,0.12912968637426886,3.1234378637011027,2.0,Home
2024-12-31,1.440446416734789,-0.032336155440021656,2.895467600669693,2.0,Home
2025-01-01,1.3682529582384173,-0.2058454296278824,2.7158236966495717,,Home
2025-01-02,1.471097141773494,0.051837678195391965,2.8870033458275866,,Home
2025-01-03,1.2969350087654152,-0.11540103291221647,2.8190793586527296,,Home
2025-01-04,1.1888698917667564,-0.363965523991421,2.6952186214509477,,Home
2025-01-05,1.3167320707150854,-0.10975475387837763,2.7732301122516985,,Home
2025-01-06,1.5313327207535832,0.03790726783370022,2.8728611646547284,,Home
2025-01-07,1.349694197485773,-0.10863215747882295,2.840826355806382,,Home
2025-01-08,1.272711027365818,-0.16297029280814426,2.77543165016693,,Home
2025-01-09,1.3723743547807632,-0.1446269559329051,2.7348261943644774,,Home
2025-01-10,1.1969126166253305,-0.19931364377048583,2.6833971670177226,,Home
2025-01-11,1.0893498124825909,-0.1907045111097991,2.5392266843439653,,Home
2025-01-12,1.2194666438865975,-0.30000790238172154,2.7116500707306437,,Home
2025-01-13,1.4381104636895503,0.01583312644409751,2.9087649967481983,,Home
2025-01-14,1.262430548572224,-0.14369960403251822,2.7521784821773436,,Home
2025-01-15,1.1930162677629275,-0.22369378909879364,2.669528291308288,,Home
2025-01-16,1.3016833122856166,-0.11613580646122926,2.699578673684987,,Home
2023-01-01,1.2460286823055455,-0.1907271463406023,2.666164587880722,1.0,Toys
2023-01-02,1.4274340018817089,-0.017107281352165955,2.767496519384833,1.0,Toys
2023-01-03,1.0920146379112272,-0.4143377199130399,2.4570969593293026,0.0,Toys
2023-01-04,1.5322767195476796,0.19933231194999163,3.0054424591841573,1.0,Toys
2023-01-05,1.4032892108025454,-0.14346186663445298,2.7751300162701638,1.0,Toys
2023-01-06,1.252784184976656,-0.20676935673054375,2.630237777666961,1.0,Toys
2023-01-07,1.5900815395298922,0.21259531031411197,3.040921345896667,3.0,Toys
2023-01-08,1.3714539858256465,-0.1368165961852212,2.7675654330331385,0.0,Toys
2023-01-09,1.5338862134324487,0.16177606901875322,2.9099647085486895,2.0,Toys
2023-01-10,1.1790159278188759,-0.21693416595120132,2.5069895922751764,0.0,Toys
2023-01-11,1.5993925948072443,0.16496353518292992,3.0528655403406746,1.0,Toys
2023-01-12,1.4509429719234537,0.13156314715264242,2.9041304116713156,2.0,Toys
2023-01-13,1.2816483455891932,-0.13774191233712357,2.6346080385610477,2.0,Toys
2023-01-14,1.601060667195216,0.07174899274347002,2.9747983855261766,2.0,Toys
2023-01-15,1.3661301419859264,0.04824108279124523,2.8255395876175524,0.0,Toys
2023-01-16,1.513854248109284,0.21980155522555503,2.96856979709391,1.0,Toys
2023-01-17,1.1464012605594363,-0.28329626402706254,2.5934821708201268,2.0,Toys
2023-01-18,1.5561080416070447,0.09980732810345068,3.073796497645205,2.0,Toys
2023-01-19,1.399446712873795,0.0768217384438689,2.8650294241831396,3.0,Toys
2023-01-20,1.2242876265823832,-0.19728275934239153,2.5905048246755573,2.0,Toys
2023-01-21,1.540016933564369,0.18420857608492436,2.9729113963740192,2.0,Toys
2023-01-22,1.3038377509786974,-0.20019056032948268,2.6470557444812237,0.0,Toys
2023-01-23,1.4523206877876007,0.05305891589775359,2.8370303024274315,2.0,Toys
2023-01-24,1.0877218633503904,-0.331382902820419,2.4835001018006313,2.0,Toys
2023-01-25,1.5017317839260147,0.04434168545130774,2.8095173593336864,1.0,Toys
2023-01-26,1.3509549017579434,-0.04334833749738725,2.877199359088394,2.0,Toys
2023-01-27,1.182769453873318,-0.20824821670639998,2.621230431925316,3.0,Toys
2023-01-28,1.5060566821224246,0.11319117536804463,2.9760370787547874,3.0,Toys
2023-01-29,1.2779846100180396,-0.2774041174620206,2.656453711104865,2.0,Toys
2023-01-30,1.434467669087965,0.026509576589977445,2.9448222671362037,0.0,Toys
2023-01-31,1.0776851686836706,-0.37465107756388094,2.589330825127261,1.0,Toys
2023-02-01,1.4985854127933278,0.07260964270702161,2.9734792439248756,2.0,Toys
2023-02-02,1.3538803915119404,-0.0969276388986715,2.7891600757265542,2.0,Toys
2023-02-03,1.1905027597151212,-0.19064219939956176,2.5444264711497406,0.0,Toys
2023-02-04,1.5169450080375262,0.2636608366881058,2.963128899752766,1.0,Toys
2023-02-05,1.2905222206524536,-0.019138497354619328,2.7204141971108164,3.0,Toys
2023-02-06,1.4467353489763284,0.205637340437409,2.8288453466385697,2.0,Toys
2023-02-07,1.0879830076011947,-0.2646712368799636,2.4849944479079555,0.0,Toys
2023-02-08,1.5048122305274467,0.10254655528491691,2.9822898686035155,1.0,Toys
2023-02-09,1.3544184583147076,-0.01602502499654352,2.7640228908858497,0.0,Toys
2023-02-10,1.1836888552148879,-0.1674339062457935,2.6579191616291706,2.0,Toys
2023-02-11,1.5011399647627168,0.015572400894955511,2.9403478854012297,2.0,Toys
2023-02-12,1.2646476342554795,-0.28669811598075956,2.575724239467439,0.0,Toys
2023-02-13,1.4097021004861068,0.07196752008012491,2.7640203751850327,1.0,Toys
2023-02-14,1.0393015831114312,-0.43645528197276373,2.4711219765677446,0.0,Toys
2023-02-15,1.4439387772765855,0.11680995545048076,2.8168249063923714,1.0,Toys
2023-02-16,1.281596161181067,-0.19071890179582068,2.686982487985145,2.0,Toys
2023-02-17,1.0993668803480894,-0.30700858889832366,2.581772736312639,1.0,Toys
2023-02-18,1.4059835644092538,-0.006971033109360379,2.902366017902734,1.0,Toys
2023-02-19,1.1600097452996894,-0.27992140189955295,2.549972813991536,5.0,Toys
2023-02-20,1.2969828902307772,-0.18542430869325338,2.686501748936239,0.0,Toys
2023-02-21,0.9204878457686885,-0.43957767280281396,2.264467054153658,1.0,Toys
2023-02-22,1.3208790891410378,-0.10908111938405678,2.758156856290009,4.0,Toys
2023-02-23,1.1567733545735206,-0.17950645509456345,2.575290284254455,2.0,Toys
2023-02-24,0.9752519965280824,-0.4689583133860994,2.448288969166351,2.0,Toys
2023-02-25,1.2849866929564395,-0.16259537910883679,2.6966728827371735,2.0,Toys
2023-02-26,1.0448997377289249,-0.26490549736763785,2.416597909421898,0.0,Toys
2023-02-27,1.1902038482160082,-0.2678978227222509,2.5467318668417893,0.0,Toys
2023-02-28,0.8246654990988868,-0.5920121668261041,2.2011772229997297,1.0,Toys
2023-03-01,1.2380738990151945,-0.20125070706273254,2.704649802748808,0.0,Toys
2023-03-02,1.0892425331599176,-0.28895653861299747,2.503745893331504,2.0,Toys
2023-03-03,0.9248049090228361,-0.48007392600978394,2.31981411444484,1.0,Toys
2023-03-04,1.2529490310459392,-0.12735669204427158,2.620665117620348,1.0,Toys
2023-03-05,1.0325581021088748,-0.3753680762676409,2.3682598734589617,0.0,Toys
2023-03-06,1.1981579737516344,-0.1017848125704849,2.7349170248320824,2.0,Toys
2023-03-07,0.8533802698995282,-0.6286136528512101,2.2815765231025917,0.0,Toys
2023-03-08,1.2871867476296466,-0.18947344272809977,2.6871468381874606,1.0,Toys
2023-03-09,1.158386934162268,-0.36092697008207353,2.5632882078245656,0.0,Toys
2023-03-10,1.0130327541232795,-0.3730159922158229,2.50526658257104,0.0,Toys
2023-03-11,1.358765443728045,0.004172726065269408,2.860679506664759,0.0,Toys
2023-03-12,1.1544383971218652,-0.27659092103647137,2.562737491497978,0.0,Toys
2023-03-13,1.333972015095835,-0.07997111433143396,2.7649219917304104,2.0,Toys
2023-03-14,1.001014401632812,-0.4453614480181203,2.397405311438611,0.0,Toys
2023-03-15,1.4439169804681171,0.013634239557575159,2.8648039458461425,2.0,Toys
2023-03-16,1.3217623015888564,-0.15933005115093346,2.700367123781478,1.0,Toys
2023-03-17,1.1803499930194732,-0.3548364830422133,2.618020531029608,2.0,Toys
2023-03-18,1.5271471349578494,0.17063281749294032,3.0628380187720885,4.0,Toys
2023-03-19,1.3213830980188495,-0.15597010529418015,2.6973573435432443,1.0,Toys
2023-03-20,1.496800745527731,0.11262640616630104,2.8819821792572875,2.0,Toys
2023-03-21,1.1575030722823099,-0.29826216777574427,2.5427693091887105,2.0,Toys
2023-03-22,1.5916681830342208,0.13800431311851452,3.1132072958692953,1.0,Toys
2023-03-23,1.459075440973885,-0.015552451760115547,2.916561853106988,0.0,Toys
2023-03-24,1.3056713105778002,-0.11789346962256027,2.6805944817747585,2.0,Toys
2023-03-25,1.6391124690231584,0.321592630036537,2.940682430484947,1.0,Toys
2023-03-26,1.4193229212791951,0.07922247285846752,2.8938666658436003,0.0,Toys
2023-03-27,1.5801331173291149,0.1247002089707598,3.020161369758853,2.0,Toys
2023-03-28,1.2263056041432074,-0.14960908872444695,2.773768037022659,1.0,Toys
2023-03-29,1.6459841379103763,0.13917654387566325,3.209482557166485,5.0,Toys
2023-03-30,1.4997147909723412,0.15148139449127082,2.8867397908628836,1.0,Toys
2023-03-31,1.333590239313232,-0.11880816849600172,2.7262207037830475,0.0,Toys
2023-04-01,1.6553861404688939,0.14408115212769823,2.9809032752498372,2.0,Toys
2023-04-02,1.42558301368004,0.08165539107869388,2.902180495184286,1.0,Toys
2023-04-03,1.5778976482954554,0.19417288856604917,3.032508625182199,2.0,Toys
2023-04-04,1.2174939093185293,-0.19159850342279203,2.683628232500664,3.0,Toys
2023-04-05,1.6321737151510467,0.12964323685028922,3.063284411181917,1.0,Toys
2023-04-06,1.482902208518744,-0.08737115460802276,2.9187523735029837,0.0,Toys
2023-04-07,1.3155407121731837,-0.05236096447783025,2.7243955233106845,1.0,Toys
2023-04-08,1.637587428040123,0.1985608489334864,3.099853039379859,2.0,Toys
2023-04-09,1.4096756583086534,0.04170714046694151,2.836969385258443,4.0,Toys
2023-04-10,1.565009275531722,0.18514223951900025,3.021465918217515,2.0,Toys
2023-04-11,1.208770318608124,-0.2404869708663984,2.6585239088244426,3.0,Toys
2023-04-12,1.628063008570695,0.22110663427679286,3.039948254144759,3.0,Toys
2023-04-13,1.4839533815316457,0.08478160873058294,2.9236495045719786,0.0,Toys
2023-04-14,1.3218002379294826,0.061336577923980604,2.75210460453175,0.0,Toys
2023-04-15,1.64860815576221,0.20386257805752656,3.050403343651242,1.0,Toys
2023-04-16,1.4250084840116504,-0.0595405586822584,2.905195232497493,6.0,Toys
2023-04-17,1.5836035609214039,0.05314293160277805,2.993589869070331,1.0,Toys
2023-04-18,1.2295739073160181,-0.2643031855423139,2.613015222771941,3.0,Toys
2023-04-19,1.649376124029911,0.27070321472703274,3.041927825669221,3.0,Toys
2023-04-20,1.504295838356444,0.21373412984367712,3.0002746293875173,1.0,Toys
2023-04-21,1.339373533365698,-0.11829001816045456,2.7657341874367964,2.0,Toys
2023-04-22,1.661364877832944,0.18987687656617386,3.101920539340984,1.0,Toys
2023-04-23,1.4311977448209516,-0.08029353599436193,2.837223542699602,1.0,Toys
2023-04-24,1.5812168638942505,0.17428524037691956,3.053661640966772,0.0,Toys
2023-04-25,1.216980957281524,-0.13887402728216164,2.5958542956277695,0.0,Toys
2023-04-26,1.624703788784414,0.19208509404432775,2.953040030464802,2.0,Toys
2023-04-27,1.4663089123320003,0.031174813839225005,2.9332682778504324,1.0,Toys
2023-04-28,1.2869384072632237,-0.13293835770686413,2.781838261550248,1.0,Toys
2023-04-29,1.5935084182327923,0.18800491489579244,3.0151695624752604,2.0,Toys
2023-04-30,1.347630295105177,-0.051658096651610176,2.7248439893724785,1.0,Toys
2023-05-01,1.4817443112965372,0.1529187639916134,2.815485957372893,3.0,Toys
2023-05-02,1.1020962249748039,-0.2763758747771194,2.58870471575468,0.0,Toys
2023-05-03,1.4949121112474468,0.01656666718160246,2.891797820791281,2.0,Toys
2023-05-04,1.3229469533568108,-0.16900347123375176,2.637269028956915,1.0,Toys
2023-05-05,1.1315699657977103,-0.26562840915761154,2.5215955945848885,2.0,Toys
2023-05-06,1.4279108447514992,0.06872579654756862,2.867316286022453,4.0,Toys
2023-05-07,1.1742424848953457,-0.17851168821989405,2.5969029964036494,0.0,Toys
2023-05-08,1.303003255636902,-0.18590552460294485,2.753507703824342,4.0,Toys
2023-05-09,0.9209545381967024,-0.471916215580206,2.341474841658502,0.0,Toys
2023-05-10,1.314092923289296,-0.137824939057851,2.6476996598331493,1.0,Toys
2023-05-11,1.145698170824515,-0.2781799222312535,2.559834429061491,2.0,Toys
2023-05-12,0.9610024535524264,-0.35542057183936976,2.3066839196622,1.0,Toys
2023-05-13,1.2669362683699639,-0.15730156090139538,2.69672710460036,3.0,Toys
2023-05-14,1.02598306658446,-0.3909313315434793,2.462612879169408,1.0,Toys
2023-05-15,1.1701015403161563,-0.2239133527815429,2.521276689517356,0.0,Toys
2023-05-16,0.8060764024961601,-0.7494714395337957,2.3290908063121365,2.0,Toys
2023-05-17,1.219180707935362,-0.26100020189393086,2.7252344862777407,1.0,Toys
2023-05-18,1.0727360923217255,-0.3181393164850718,2.45774734917437,0.0,Toys
2023-05-19,0.9113786569647921,-0.42467776898882303,2.348404621227603,2.0,Toys
2023-05-20,1.241416732531341,-0.13008609626873735,2.6038990302966223,0.0,Toys
2023-05-21,1.025168759409415,-0.33111183844072845,2.5004773517296828,2.0,Toys
2023-05-22,1.193795762133297,-0.15845823399121103,2.5608830782024583,1.0,Toys
2023-05-23,0.8538541177398615,-0.6509904031300011,2.2660705109138193,2.0,Toys
2023-05-24,1.289715076185647,-0.17423325367149817,2.663235836158363,3.0,Toys
2023-05-25,1.1646424929166008,-0.25260163325814006,2.5801808698168816,0.0,Toys
2023-05-26,1.022658562120038,-0.4693137006871631,2.4504584762613626,1.0,Toys
2023-05-27,1.369514542510342,0.0026811643719881493,2.7243491139678935,0.0,Toys
2023-05-28,1.167510862814559,-0.2103487948043423,2.5272165028653655,0.0,Toys
2023-05-29,1.3472366433230063,-0.09093595706075949,2.7358928888287672,0.0,Toys
2023-05-30,1.0153192712878352,-0.36983613267197113,2.5096565528826478,1.0,Toys
2023-05-31,1.4555940262431624,0.0715949746900981,2.9179302540103,1.0,Toys
2023-06-01,1.3316904773090077,0.02038732296419246,2.812979030171073,1.0,Toys
2023-06-02,1.187487724552874,-0.22832011441195849,2.4919980295597277,3.0,Toys
2023-06-03,1.5286864981875696,0.14260527312380838,2.939310034411865,0.0,Toys
2023-06-04,1.3180989472339604,-0.08752307782716662,2.7729303965560304,1.0,Toys
2023-06-05,1.4862820332158593,-0.00040616363494202633,2.9431990216100803,0.0,Toys
2023-06-06,1.140470440972606,-0.4475458627405828,2.5034469386168503,1.0,Toys
2023-06-07,1.5644828846360306,0.21579132423604247,3.03405947678761,1.0,Toys
2023-06-08,1.4228041355290635,0.06465818398629454,2.9367893245735934,2.0,Toys
2023-06-09,1.2596174600962309,-0.12258645633737178,2.7113093221042073,3.0,Toys
2023-06-10,1.5809668173106792,0.1974986138399467,3.006726092177888,3.0,Toys
2023-06-11,1.3505063785475766,0.039658901656773,2.7298714739761936,2.0,Toys
2023-06-12,1.4990194171837008,0.062238955067716595,2.9201938923749307,1.0,Toys
2023-06-13,1.1345279670603015,-0.29999658690842024,2.564820240403793,0.0,Toys
2023-06-14,1.5409311761082403,0.11609066937978438,2.9859401335232074,3.0,Toys
2023-06-15,1.383580401939111,-0.02989961321173738,2.7487516431736165,2.0,Toys
2023-06-16,1.206888419608541,-0.1458774429774784,2.5753850789745574,1.0,Toys
2023-06-17,1.5170834339898818,0.07346338264304084,3.0151094163586287,3.0,Toys
2023-06-18,1.2784221470579689,-0.06709922714373809,2.6843993462320688,1.0,Toys
2023-06-19,1.4215999646179667,0.016272354289162842,2.9587116573332657,2.0,Toys
2023-06-20,1.0550450759401107,-0.42206555501658716,2.4139571302991456,0.0,Toys
2023-06-21,1.4622981936053407,0.048213115604048416,2.892906326345514,4.0,Toys
2023-06-22,1.3090914812353436,-0.20517622972354138,2.741540940108562,2.0,Toys
2023-06-23,1.139546456714129,-0.3146439848454334,2.599876241747427,2.0,Toys
2023-06-24,1.4595326064159104,0.09003804594841736,2.822532682784976,0.0,Toys
2023-06-25,1.2333573332823335,-0.1703042727963982,2.5866828009846987,1.0,Toys
2023-06-26,1.3910810308319288,-0.0507881488014175,2.8635273950802915,0.0,Toys
2023-06-27,1.04100901893332,-0.45686046043912937,2.48673467761262,1.0,Toys
2023-06-28,1.4658256611306926,0.096007856314811,2.89914539053071,3.0,Toys
2023-06-29,1.3311893570175084,-0.11645647166106686,2.644810252917232,1.0,Toys
2023-06-30,1.1805303197845223,-0.1745988687812439,2.6192576180687213,0.0,Toys
2023-07-01,1.5190236501837107,0.039866872130892156,2.9324922456760825,2.0,Toys
2023-07-02,1.310764468883412,-0.15182447476573635,2.625252482304817,1.0,Toys
2023-07-03,1.4849944128654777,0.1622454774903665,2.7778028234273817,0.0,Toys
2023-07-04,1.149796083699349,-0.2282995504933022,2.830271188887781,2.0,Toys
2023-07-05,1.5869841968529657,0.2039129057620565,2.9948115969333937,0.0,Toys
2023-07-06,1.4622172369944741,0.1086046517720979,2.8024812216103494,4.0,Toys
2023-07-07,1.3183936475001283,0.027180009236207284,2.8037629886545448,2.0,Toys
2023-07-08,1.6602358864058466,0.2176564911084862,3.077034188474445,1.0,Toys
2023-07-09,1.4519453428536035,0.09869887560434489,2.86287944437073,3.0,Toys
2023-07-10,1.6223330699052363,0.08342070045648767,3.0961152711574464,3.0,Toys
2023-07-11,1.279707954221127,-0.17936916123192864,2.6978227296898214,0.0,Toys
2023-07-12,1.7055147134027562,0.33634684242669893,3.0808930014368086,1.0,Toys
2023-07-13,1.5659508864183191,0.28770044928118943,3.0502835790260305,0.0,Toys
2023-07-14,1.4039492294285931,-0.04313947526163819,2.883915944257084,1.0,Toys
2023-07-15,1.7243599606263569,0.4141720892556408,3.2108062033978584,2.0,Toys
2023-07-16,1.4920723763619501,-0.013738066704949462,2.8857505310855407,2.0,Toys
2023-07-17,1.6360367457253122,0.21955227505834143,3.048596075754531,0.0,Toys
2023-07-18,1.2653334342511995,-0.07592516085266604,2.735137908915435,3.0,Toys
2023-07-19,1.661545574883033,0.15485586420576755,3.0044538532900686,1.0,Toys
2023-07-20,1.491870080691725,0.06302313732317877,2.9055177715032694,2.0,Toys
2023-07-21,1.299676041412794,-0.2568697263852004,2.762521972674223,2.0,Toys
2023-07-22,1.5902762752391115,0.25489711806353177,3.050206673101585,2.0,Toys
2023-07-23,1.3295082699650076,-0.19098552077966735,2.607957722465075,1.0,Toys
2023-07-24,1.446641518706003,0.013768779413709235,2.8595164106558326,0.0,Toys
2023-07-25,1.051623638390896,-0.3943381594953205,2.623507003669573,2.0,Toys
2023-07-26,1.426185582900325,0.05470442165640433,2.9117197680300944,1.0,Toys
2023-07-27,1.2384463990774304,-0.22969391892338267,2.7134648606766274,3.0,Toys
2023-07-28,1.0320491804706162,-0.325331509322639,2.3227758535584404,2.0,Toys
2023-07-29,1.3125252620736854,-0.049495107337016384,2.807279110086035,1.0,Toys
2023-07-30,1.046339506353914,-0.2777504482208741,2.497859678911879,1.0,Toys
2023-07-31,1.1626896559792685,-0.2005392476772621,2.596506234366145,0.0,Toys
2023-08-01,0.7719374166580115,-0.6006510064467996,2.154886954642611,0.0,Toys
2023-08-02,1.1554553912769638,-0.23540376698910892,2.5805779221878633,3.0,Toys
2023-08-03,0.9817357543397851,-0.4003307215112819,2.322827566794216,0.0,Toys
2023-08-04,0.7941147143578287,-0.6494867948683264,2.178443541414558,0.0,Toys
2023-08-05,1.0977408362090306,-0.2628001753847824,2.4727152433409847,1.0,Toys
2023-08-06,0.8590964508162845,-0.6053975024125426,2.3160971785885844,1.0,Toys
2023-08-07,1.0067008544529672,-0.4677910963667316,2.4989970920067446,0.0,Toys
2023-08-08,0.6507379954065163,-0.789578506207065,2.1258429416740214,0.0,Toys
2023-08-09,1.0716563523114944,-0.3426741523250949,2.483197565709482,2.0,Toys
2023-08-10,0.9377921174924146,-0.5972968920640773,2.386678472463431,0.0,Toys
2023-08-11,0.7916919304650416,-0.5237627351345272,2.262732134625081,0.0,Toys
2023-08-12,1.1376940876307418,-0.2499949817524232,2.5548983969126837,0.0,Toys
2023-08-13,0.9419336825363421,-0.5750449381137127,2.264736795976607,0.0,Toys
2023-08-14,1.1319559829420276,-0.22932765303039834,2.667454149552446,1.0,Toys
2023-08-15,0.8175456821045858,-0.6907629253078003,2.2300653650078646,0.0,Toys
2023-08-16,1.2780832462395393,-0.06854776307371396,2.7579643747786386,2.0,Toys
2023-08-17,1.1816846598718946,-0.09971150656317784,2.6549904692143054,1.0,Toys
2023-08-18,1.070123004735286,-0.44701494754256754,2.4098377123412766,0.0,Toys
2023-08-19,1.447021673282279,0.07574892719951136,2.887542457908599,1.0,Toys
2023-08-20,1.2783409462648143,-0.22475166846866956,2.630978897655021,1.0,Toys
2023-08-21,1.4908979154612252,0.0069896170081790105,2.9238250622904274,2.0,Toys
2023-08-22,1.1943924245200088,-0.28249010637216,2.6570586872716873,1.0,Toys
2023-08-23,1.6675138790989676,0.1111067078652312,3.0638826519027162,1.0,Toys
2023-08-24,1.5785905498351172,0.15594255174990596,3.0264524328855407,1.0,Toys
2023-08-25,1.4691021334861842,-0.007802650926704281,2.8600437255426034,1.0,Toys
2023-08-26,1.8424764067955781,0.45284865147599096,3.2747978495378223,1.0,Toys
2023-08-27,1.6650481366073155,0.2955804886616044,3.0067034230483394,2.0,Toys
2023-08-28,1.8634760665247296,0.3887066926884732,3.2841075753046916,1.0,Toys
2023-08-29,1.54795585872306,0.17514069803859972,2.963598073749344,0.0,Toys
2023-08-30,1.9970676313442972,0.5207068628540867,3.540823221577891,0.0,Toys
2023-08-31,1.879925202155169,0.4980509850489591,3.2971160370653725,2.0,Toys
2023-09-01,1.7382702832047607,0.31425829087748103,3.0968991636660825,4.0,Toys
2023-09-02,2.0758636431656385,0.5934459188503702,3.5517173665620474,2.0,Toys
2023-09-03,1.8599079681704807,0.47307907781218156,3.212821786455519,2.0,Toys
2023-09-04,2.0173542033444636,0.6577865329762558,3.517684125137497,0.0,Toys
2023-09-05,1.6592945695604004,0.20665141390023653,3.1338184380128387,2.0,Toys
2023-09-06,2.064544779821823,0.7176678919462608,3.5594900485502436,3.0,Toys
2023-09-07,1.9032881334249576,0.5414223021789739,3.2640240426162994,4.0,Toys
2023-09-08,1.7177472765607915,0.385547434264871,3.1636138802805007,2.0,Toys
2023-09-09,2.012166876943794,0.6340803895095056,3.4249174874558017,5.0,Toys
2023-09-10,1.754698543149669,0.3689171976995944,3.270219642760038,2.0,Toys
2023-09-11,1.8725957545240561,0.48545598621203506,3.2425423084045106,0.0,Toys
2023-09-12,1.4777872855647498,0.09472863712618157,2.8853859483145987,0.0,Toys
2023-09-13,1.8491955835741065,0.45383385640210266,3.2977513009302006,2.0,Toys
2023-09-14,1.6578782192590786,0.2664942045875095,2.9674745382850003,0.0,Toys
2023-09-15,1.4462808045819324,0.04992384488176734,2.8155820414926627,3.0,Toys
2023-09-16,1.7188157140907088,0.30312083012649305,3.1694042608029127,0.0,Toys
2023-09-17,1.4442144763697535,0.025930391386618463,2.8061206115946473,1.0,Toys
2023-09-18,1.5496175971750545,0.1422864268862911,2.962518977912389,0.0,Toys
2023-09-19,1.1473353433687348,-0.35655953113535993,2.5096821025437595,3.0,Toys
2023-09-20,1.5159099117274495,0.08823696364087362,2.8545941938509936,3.0,Toys
2023-09-21,1.3267622772454846,-0.0779222512405367,2.729752057253467,0.0,Toys
2023-09-22,1.1220348014523691,-0.3011314823457788,2.418209195148102,1.0,Toys
2023-09-23,1.4057746891541374,-0.0680137867569534,2.9245672040885045,0.0,Toys
2023-09-24,1.1467626804661422,-0.19929152865126076,2.4415493616058455,2.0,Toys
2023-09-25,1.2715065807226684,-0.16481966711089885,2.6834168775735314,4.0,Toys
2023-09-26,0.8921980057282094,-0.560767215544454,2.179903391606571,0.0,Toys
2023-09-27,1.2865266712203676,-0.18461438902922897,2.65522952412969,0.0,Toys
2023-09-28,1.1258404927111338,-0.2788294959421797,2.5681757241400303,2.0,Toys
2023-09-29,0.9515851566011575,-0.5391018306069449,2.2768853902446247,2.0,Toys
2023-09-30,1.2670988698950238,-0.17989743812279388,2.660799196708872,1.0,Toys
2023-10-01,1.040923076682764,-0.4060718009685891,2.4278059181258205,1.0,Toys
2023-10-02,1.1987044774932223,-0.2286451562047337,2.71151745890482,1.0,Toys
2023-10-03,0.8523514831470083,-0.5640298752490361,2.308871480861549,1.0,Toys
2023-10-04,1.278603259289549,-0.11567387919850573,2.750733535756476,0.0,Toys
2023-10-05,1.148704534050661,-0.2153254764831809,2.5377730323317533,2.0,Toys
2023-10-06,1.0034423781023585,-0.41805560042648926,2.439064954775208,0.0,Toys
2023-10-07,1.345551254758587,-0.066988258187766,2.7672828412130754,1.0,Toys
2023-10-08,1.1435035285818476,-0.25133588158336206,2.5657527358685943,0.0,Toys
2023-10-09,1.3223165464224067,-0.13538538199663747,2.7089122060819912,2.0,Toys
2023-10-10,0.9939041908827557,-0.4604908719473345,2.3554152134492763,3.0,Toys
2023-10-11,1.4343950060622146,0.05611509221475034,2.8685692085666115,2.0,Toys
2023-10-12,1.3153150143147307,-0.1256193996524945,2.703661360592172,1.0,Toys
2023-10-13,1.1772141590363305,-0.28784585015753406,2.6407269651698653,0.0,Toys
2023-10-14,1.5226733420865635,-0.06459322158135263,2.8825866628875123,1.0,Toys
2023-10-15,1.320565829541329,-0.17927201978221466,2.7539258828266355,1.0,Toys
2023-10-16,1.4957600900791377,0.13956779199070515,2.905998985376747,1.0,Toys
2023-10-17,1.1606568929683894,-0.2247815369805816,2.539163638971219,1.0,Toys
2023-10-18,1.591246925207596,0.048473192615272984,3.0587907445741362,3.0,Toys
2023-10-19,1.459792170183941,0.09479591173186518,2.947793776244713,1.0,Toys
2023-10-20,1.3070329199499406,-0.1577425280901336,2.6527548462130492,0.0,Toys
2023-10-21,1.6357882447941134,0.1996677106449802,2.928431427193659,1.0,Toys
2023-10-22,1.4156804694707021,-0.038399861099475505,2.8577913268835986,0.0,Toys
2023-10-23,1.5717268441843772,0.11396613506947101,3.107350263181851,1.0,Toys
2023-10-24,1.2170563220848707,-0.25086626824945213,2.6148051776752936,2.0,Toys
2023-10-25,1.6277020002378688,0.11743295699034052,3.070045552933115,2.0,Toys
2023-10-26,1.476777703833973,0.06892999750598082,2.8827812038776663,2.0,Toys
2023-10-27,1.305263608653023,-0.1598467797871488,2.6756327675720795,0.0,Toys
2023-10-28,1.6161996388340552,0.20729267937033535,2.958879646836015,1.0,Toys
2023-10-29,1.379873987459795,-0.005302333902082978,2.831139317739026,1.0,Toys
2023-10-30,1.5213060662851425,0.10205098661094157,2.8838842043525577,5.0,Toys
2023-10-31,1.15414683522048,-0.1132146518777449,2.511253238984855,1.0,Toys
2023-11-01,1.5542112952494693,0.1420339496742663,2.883075063375527,1.0,Toys
2023-11-02,1.3951567459752676,0.005248103974318117,2.828557063734925,0.0,Toys
2023-11-03,1.2178545978050908,-0.1294254663610963,2.6951427752249186,0.0,Toys
2023-11-04,1.5251852102852832,0.1493048812769266,2.890680085798785,1.0,Toys
2023-11-05,1.2876997183653613,-0.11265180340502709,2.7680916140673637,1.0,Toys
2023-11-06,1.4300040590508143,0.04202524329272258,2.8884647495809284,3.0,Toys
2023-11-07,1.0658529560820196,-0.3545479677468242,2.5165046175015835,0.0,Toys
2023-11-08,1.4704326400617738,0.14246803544684528,2.9361808200482065,2.0,Toys
2023-11-09,1.3175507804868651,-0.15644046047764557,2.590222266033038,1.0,Toys
2023-11-10,1.1476040748081269,-0.38578943274877114,2.5524767601165843,2.0,Toys
2023-11-11,1.4629834657928935,0.09883364350359006,2.8705921671629198,0.0,Toys
2023-11-12,1.2342173409780015,-0.18561115321134136,2.7111905729118115,1.0,Toys
2023-11-13,1.3852636302029653,-0.12682178103466643,2.8574057766770427,1.0,Toys
2023-11-14,1.029803186812854,-0.3790995523751598,2.33308388137779,0.0,Toys
2023-11-15,1.4422770734586046,-0.010373827677204779,2.9101209924499973,1.0,Toys
2023-11-16,1.2965909870714944,-0.1122702262642858,2.7127869627932957,0.0,Toys
2023-11-17,1.1326798424687097,-0.27702510324013196,2.6195433156257355,3.0,Toys
2023-11-18,1.4525229441783838,0.08187872815360497,2.8295244040751566,2.0,Toys
2023-11-19,1.2267664901372153,-0.10056657200061675,2.7792958447139045,1.0,Toys
2023-11-20,1.3789200692353183,-0.05096405384519895,2.786243225088985,3.0,Toys
2023-11-21,1.0228442439938663,-0.40663746207215345,2.3704990940326263,1.0,Toys
2023-11-22,1.4325358069832734,-0.1239620085201175,2.768463467441791,2.0,Toys
2023-11-23,1.2823388545169743,-0.11714224137557608,2.602660120568966,0.0,Toys
2023-11-24,1.1120974699812596,-0.3342877052293174,2.603944941293541,3.0,Toys
2023-11-25,1.42377111521464,-0.01519934339886294,2.8283325037605787,1.0,Toys
2023-11-26,1.1885261099200244,-0.1658749966131542,2.584589626002891,0.0,Toys
2023-11-27,1.3298258687029338,0.04374613356417038,2.832580116743369,2.0,Toys
2023-11-28,0.9621019568280456,-0.48428561152505356,2.4508459792995034,2.0,Toys
2023-11-29,1.3592768050389956,-0.03232658429846909,2.8022804626290663,0.0,Toys
2023-11-30,1.1964713992421112,-0.2360796411955964,2.638187774689667,0.0,Toys
2023-12-01,1.0137367806008593,-0.3313143360684313,2.4827857902235144,1.0,Toys
2023-12-02,1.313261362489245,0.026679593563689947,2.7408796222248792,4.0,Toys
2023-12-03,1.0669243057751736,-0.4095047141749085,2.4090763398432573,4.0,Toys
2023-12-04,1.1982738223225984,-0.22401071021879548,2.735302397597482,0.0,Toys
2023-12-05,0.8223775943082542,-0.5239511942451215,2.225345523596821,0.0,Toys
2023-12-06,1.2130805208962423,-0.1771409289922901,2.638287119430884,0.0,Toys
2023-12-07,1.046208356294825,-0.28111561665084545,2.4510778222033283,3.0,Toys
2023-12-08,0.8618791488146884,-0.5588277508013305,2.2878618961054915,0.0,Toys
2023-12-09,1.1623053801983225,-0.29278096616687266,2.6618823595430263,0.0,Toys
2023-12-10,0.9198138463418846,-0.551486645917742,2.3860014351346632,2.0,Toys
2023-12-11,1.0577182439368826,-0.3485227521276678,2.5170105716871505,0.0,Toys
2023-12-12,0.6913566214603168,-0.7251302426871988,2.12008124665433,0.0,Toys
2023-12-13,1.0940931042712816,-0.47574480755190585,2.4226959514571784,1.0,Toys
2023-12-14,0.9420274555358237,-0.4870424330579882,2.500572101723174,3.0,Toys
2023-12-15,0.7748972393801153,-0.620615330676055,2.1630475331878185,0.0,Toys
2023-12-16,1.0944860732661332,-0.2886991537453113,2.5473042349213424,1.0,Toys
2023-12-17,0.8731215229608053,-0.5919902868422652,2.2331087875343414,0.0,Toys
2023-12-18,1.0334534378782563,-0.45994254928900047,2.4999515980833613,1.0,Toys
2023-12-19,0.6906894947222507,-0.6014499970762249,2.205568610964877,0.0,Toys
2023-12-20,1.1173513336755194,-0.29485671642797334,2.5542784789436026,1.0,Toys
2023-12-21,0.9894994990340218,-0.35340091649146693,2.436293209136829,1.0,Toys
2023-12-22,0.846234638782291,-0.626198091270993,2.3405186015706114,0.0,Toys
2023-12-23,1.1887187375920893,-0.2531692961901644,2.681358949537628,1.0,Toys
2023-12-24,0.9891563062759262,-0.43626449671016404,2.349833619892954,0.0,Toys
2023-12-25,1.1694820064395446,-0.27187253876424267,2.6199221525568155,0.0,Toys
2023-12-26,0.8447959705673576,-0.588286450022284,2.300041148705113,2.0,Toys
2023-12-27,1.2868741450615384,-0.027979063565101894,2.7168817080210026,3.0,Toys
2023-12-28,1.1719064998485538,-0.20414761049123878,2.5894082176297046,0.0,Toys
2023-12-29,1.0385933007006356,-0.46037957579025024,2.4668217415303832,3.0,Toys
2023-12-30,1.3877736013664879,-0.028018552708043286,2.7938775772067497,0.0,Toys
2023-12-31,1.1918823912342265,-0.2252157219129717,2.6419148691390464,1.0,Toys
2024-01-01,1.3725387447775483,-0.08564792383267673,2.773964400121256,3.0,Toys
2024-01-02,1.0451709500817263,-0.4092001219354954,2.394187119455365,3.0,Toys
2024-01-03,1.4812701477113228,0.1008836615018051,2.8931467364432484,3.0,Toys
2024-01-04,1.3576302245975507,-0.04925060901070984,2.752130022128082,2.0,Toys
2024-01-05,1.213027232082821,-0.07993359651819675,2.6767447855618767,1.0,Toys
2024-01-06,1.5484431542469714,0.10553963062459629,2.958597538872384,1.0,Toys
2024-01-07,1.3369872834332144,-0.0729109752305461,2.808791545212937,1.0,Toys
2024-01-08,1.500373778784313,0.05609262862895232,2.9317797526546805,1.0,Toys
2024-01-09,1.154726302372594,-0.289660593926935,2.579298426971928,0.0,Toys
2024-01-10,1.5715658620030357,0.0575571079092976,2.9741176832352405,1.0,Toys
2024-01-11,1.4285446025508604,-0.05848654093041135,2.8148707641846835,2.0,Toys
2024-01-12,1.2647022542903705,-0.12553017319107093,2.8106801766854903,2.0,Toys
2024-01-13,1.5812807510450992,0.13793609891399736,3.090023395370835,2.0,Toys
2024-01-14,1.3521072939774568,-0.05444924999218412,2.7564250391038363,0.0,Toys
2024-01-15,1.498960741530082,0.10989711614831534,2.9844443262209595,1.0,Toys
2024-01-16,1.1385570881960498,-0.28679176772171927,2.538557908044793,1.0,Toys
2024-01-17,1.5422747907934906,0.2552408142248186,2.91231081053992,1.0,Toys
2024-01-18,1.3883875393389722,-0.047591466571847575,2.755292592903986,2.0,Toys
2024-01-19,1.2159045252346405,-0.23004408696370288,2.5802712977319633,0.0,Toys
2024-01-20,1.5259841928004922,0.05405293488775882,2.8707654333495385,2.0,Toys
2024-01-21,1.2927885583897196,-0.1273539782585367,2.8092575666789803,2.0,Toys
2024-01-22,1.4377490211803812,-0.10883609996791904,2.950021649071977,1.0,Toys
2024-01-23,1.0777440100123936,-0.31626031264931265,2.4830878765159405,2.0,Toys
2024-01-24,1.4835735482390882,0.03278983014588251,2.933732808301455,0.0,Toys
2024-01-25,1.3337028707563239,-0.15726439395819863,2.8104161626983473,1.0,Toys
2024-01-26,1.1666981791437425,-0.11568421687546324,2.5631199024168927,0.0,Toys
2024-01-27,1.4832506332375475,0.025433446602669267,2.920472162323302,2.0,Toys
2024-01-28,1.2575122357774424,-0.15898969739332786,2.654049525082605,1.0,Toys
2024-01-29,1.4102703049320766,-0.02259596262420221,2.9087019976012276,1.0,Toys
2024-01-30,1.0583250553300885,-0.3505468749524037,2.3962652219627603,0.0,Toys
2024-01-31,1.471719807960793,0.029806926064366027,2.819612039969366,0.0,Toys
2024-02-01,1.3289998001466725,-0.1164286830371203,2.8990593440494177,1.0,Toys
2024-02-02,1.1682462893879482,-0.1854540323221125,2.604293071457358,4.0,Toys
2024-02-03,1.4897115231603404,0.060644003081114235,2.8535374748318385,1.0,Toys
2024-02-04,1.2676348560231754,-0.13533694812191485,2.700134194000172,0.0,Toys
2024-02-05,1.4223229638300552,0.017274092458559636,2.809227998595033,2.0,Toys
2024-02-06,1.0707222809383665,-0.2905685566350026,2.458102681596436,1.0,Toys
2024-02-07,1.4823983531238734,0.1427205244997303,3.003836729054548,1.0,Toys
2024-02-08,1.336301628153222,-0.13221379766275884,2.785295637197966,2.0,Toys
2024-02-09,1.170390595728316,-0.2737404345846678,2.546489655190062,0.0,Toys
2024-02-10,1.4848672475167102,-0.14292794366263908,2.8927252053607333,2.0,Toys
2024-02-11,1.254462327746628,-0.20245400005328892,2.714056218048385,3.0,Toys
2024-02-12,1.3994097098536582,-0.048076665569053295,2.7978099998765784,1.0,Toys
2024-02-13,1.0372020221750755,-0.3258136925755493,2.471964085885265,0.0,Toys
2024-02-14,1.4373076976882373,-0.04621943232227249,2.8039328136900505,0.0,Toys
2024-02-15,1.2794328373436956,-0.07326423681115153,2.690447237525424,2.0,Toys
2024-02-16,1.101723318699913,-0.40766948321072977,2.4040405992267213,1.0,Toys
2024-02-17,1.4045917981489235,0.0548864496396204,2.8088870749841783,1.0,Toys
2024-02-18,1.1634645149835494,-0.21813832682756812,2.6363842338415786,0.0,Toys
2024-02-19,1.2986438264556326,-0.07043429962858623,2.7949707370739714,1.0,Toys
2024-02-20,0.9282427648551587,-0.4879267271456796,2.3070110699272157,2.0,Toys
2024-02-21,1.3216373925134735,-0.10484137920365748,2.7271963425413372,3.0,Toys
2024-02-22,1.1592242689196979,-0.16235690660781193,2.6695615447575216,1.0,Toys
2024-02-23,0.9792030158708716,-0.426515965149705,2.3978615347876997,1.0,Toys
2024-02-24,1.2819982468562487,-0.12020456958393635,2.620104970466537,1.0,Toys
2024-02-25,1.043473117456755,-0.2559355226417724,2.465987529793679,1.0,Toys
2024-02-26,1.1836869014172384,-0.23733750367735662,2.53071722882335,1.0,Toys
2024-02-27,0.8210168156096894,-0.5246941780634848,2.418986980138215,1.0,Toys
2024-02-28,1.2243552917773812,-0.12429775416837738,2.6476308624598004,0.0,Toys
2024-02-29,1.074373625990782,-0.4189347858382391,2.457188332436337,1.0,Toys
2024-03-01,0.9088962899519263,-0.5286042753885398,2.1908082463606076,0.0,Toys
2024-03-02,1.227929448321535,-0.16283816274296015,2.717509409607008,1.0,Toys
2024-03-03,1.0073529825513088,-0.35108491293640365,2.4333274926202977,1.0,Toys
2024-03-04,1.1665845697282553,-0.3089319897266052,2.6349994527601166,1.0,Toys
2024-03-05,0.8238996600604759,-0.5765793830339607,2.23871834500602,1.0,Toys
2024-03-06,1.2473836678382946,-0.16652053684823256,2.642639234816357,2.0,Toys
2024-03-07,1.1177106494360818,-0.3421261744676378,2.52980150042842,2.0,Toys
2024-03-08,0.9721168056829148,-0.5040636268976876,2.3772202526338213,0.0,Toys
2024-03-09,1.3100414250457884,-0.15204179504364876,2.7249473781173443,3.0,Toys
2024-03-10,1.107301450446252,-0.41655530586291106,2.5995477614545703,1.0,Toys
2024-03-11,1.2826642497566876,-0.09339723425040536,2.664788984347897,3.0,Toys
2024-03-12,0.9543664499963195,-0.42600484823458395,2.508543421400276,1.0,Toys
2024-03-13,1.389818395302869,-0.06631323622677271,2.7620173551450242,1.0,Toys
2024-03-14,1.2698939929142499,-0.18720847704889426,2.64852028800129,0.0,Toys
2024-03-15,1.1314997902736323,-0.4101028008007705,2.5593659789981,0.0,Toys
2024-03-16,1.4738212036966327,-0.027589728589688313,2.81915415928938,2.0,Toys
2024-03-17,1.2729667708689356,-0.12383997722699361,2.633908709856914,1.0,Toys
2024-03-18,1.4474478483273057,0.1950214822713061,2.847186017266208,4.0,Toys
2024-03-19,1.1158750434612248,-0.3604415151368323,2.5084972466411446,2.0,Toys
2024-03-20,1.5454182101602632,0.061573995293174213,3.0070538941931906,2.0,Toys
2024-03-21,1.4175788132922726,0.03803952516183329,2.817261713327487,2.0,Toys
2024-03-22,1.2693565145102466,-0.05691476761989219,2.6318612138146884,1.0,Toys
2024-03-23,1.600083064689015,0.13102986905806055,3.089021501003575,2.0,Toys
2024-03-24,1.3865248710510203,-0.1343827407647343,2.731142814287274,0.0,Toys
2024-03-25,1.5472634333362962,0.19578924472692827,3.0285181856910297,2.0,Toys
2024-03-26,1.2015583374645917,-0.23402283102214796,2.5953787682579526,1.0,Toys
2024-03-27,1.6165551571880192,0.1753801368831096,2.9832040446881645,4.0,Toys
2024-03-28,1.4745361552757579,-0.12262711422593572,2.822443777076226,1.0,Toys
2024-03-29,1.3126800561832146,-0.1140202491988188,2.7443438142062053,0.0,Toys
2024-03-30,1.63048169755619,0.25305463549355306,3.000800940976649,0.0,Toys
2024-03-31,1.4053129461741618,0.04627573401812735,2.903656010503112,0.0,Toys
2024-04-01,1.555705843334407,0.10660968186447892,2.9873676099071207,2.0,Toys
2024-04-02,1.2013860102235852,-0.10957570368367897,2.559520344463092,1.0,Toys
2024-04-03,1.609234076198743,0.1716126621580424,2.9869605938468204,1.0,Toys
2024-04-04,1.4620219498746767,0.001780084183120359,2.902062597350706,1.0,Toys
2024-04-05,1.296774418555067,-0.07924696516688587,2.6623389508052373,0.0,Toys
2024-04-06,1.6127843682443985,0.16539864702173346,3.013482362888283,1.0,Toys
2024-04-07,1.3876427439984071,-0.03378915585508499,2.727462910730633,0.0,Toys
2024-04-08,1.5394356958060194,0.060835358371424446,2.960342870805185,0.0,Toys
2024-04-09,1.1879599529697429,-0.23849219466325988,2.7117577032292752,0.0,Toys
2024-04-10,1.599449294914316,0.23251164179346057,3.027881068492375,1.0,Toys
2024-04-11,1.4568075171200896,0.07750189335701714,2.9009245178395293,3.0,Toys
2024-04-12,1.2965823152211189,-0.12242643403277852,2.729377349410595,2.0,Toys
2024-04-13,1.6175855291381656,0.27925706230565084,3.0640183530917238,1.0,Toys
2024-04-14,1.3974003595918294,0.11704759093943114,2.7763170241095367,3.0,Toys
2024-04-15,1.553499248125074,-0.006901674504197316,2.903595027646934,1.0,Toys
2024-04-16,1.2056462697368462,-0.2385644338098143,2.6433465683010122,2.0,Toys
2024-04-17,1.6193918820235482,0.26480720862715235,3.0753913289150088,3.0,Toys
2024-04-18,1.4778039016808864,0.039532230770312406,2.956801072858915,2.0,Toys
2024-04-19,1.317053032844756,-0.1623643832817218,2.675282282881139,1.0,Toys
2024-04-20,1.6356355512696905,0.2169278922618114,3.0685902544879378,1.0,Toys
2024-04-21,1.4113533135893341,0.0028032635060191062,2.8321210152109932,0.0,Toys
2024-04-22,1.561346149563672,0.20614960079015626,3.049831801339754,0.0,Toys
2024-04-23,1.2056734603681183,-0.18727483183395097,2.657410759209667,1.0,Toys
2024-04-24,1.6095680556204712,0.18931391035557885,3.012874912609866,0.0,Toys
2024-04-25,1.456654823638304,-0.027404278582565392,2.8510882935693265,2.0,Toys
2024-04-26,1.2831368116080994,-0.0794400589966975,2.797874180953416,1.0,Toys
2024-04-27,1.587608484478671,0.11911151608651747,3.1225915954619965,2.0,Toys
2024-04-28,1.3484966719383402,-0.02936782767671898,2.696303692792835,2.0,Toys
2024-04-29,1.4829959257684389,0.0975938786929145,2.8200454680160107,1.0,Toys
2024-04-30,1.1118175077306465,-0.27130601982102803,2.53575184779704,2.0,Toys
2024-05-01,1.5001925015748943,0.06441504273061831,2.8835173986117155,1.0,Toys
2024-05-02,1.3325674791118198,-0.09085114583578513,2.713292481742775,0.0,Toys
2024-05-03,1.1453839842309264,-0.17925690164879746,2.4521293218098537,2.0,Toys
2024-05-04,1.4374756621945035,-0.004154676456289069,2.8325918034759088,0.0,Toys
2024-05-05,1.187964363974914,-0.223127243940901,2.679422243508472,1.0,Toys
2024-05-06,1.3140965886921456,0.09340523639053573,2.8359478543697207,2.0,Toys
2024-05-07,0.937157954485461,-0.5627134394609594,2.2781690803379155,0.0,Toys
2024-05-08,1.3222272841640543,-0.09816030249116814,2.7542546061621813,0.0,Toys
2024-05-09,1.1543517340932772,-0.25649076320175734,2.6724098360086943,0.0,Toys
2024-05-10,0.9699251629450959,-0.507146948610524,2.405055715120422,0.0,Toys
2024-05-11,1.2676754576094267,-0.24114504485473745,2.686685641310353,2.0,Toys
2024-05-12,1.0270245170933385,-0.4001373349864292,2.460463675099118,0.0,Toys
2024-05-13,1.1648355460759428,-0.19103250703445523,2.580520663197428,1.0,Toys
2024-05-14,0.8025040264885142,-0.6217539365047836,2.1969251386285267,1.0,Toys
2024-05-15,1.204474672376669,-0.21717994520496783,2.6157739160394717,2.0,Toys
2024-05-16,1.0559084813143431,-0.36862281946672626,2.4451528930794697,2.0,Toys
2024-05-17,0.8926726818703863,-0.6799139191730262,2.311770699653964,1.0,Toys
2024-05-18,1.2129308474241116,-0.2708253089871191,2.5889820951260285,2.0,Toys
2024-05-19,0.9959823341679405,-0.45368985540275586,2.312395901143682,2.0,Toys
2024-05-20,1.1579226655052812,-0.21125738501220798,2.4725332464097733,0.0,Toys
2024-05-21,0.8199242133330175,-0.6898567059123403,2.250220088777764,0.0,Toys
2024-05-22,1.2455452073460067,-0.1312711869937883,2.6289135456714217,2.0,Toys
2024-05-23,1.1198518087177074,-0.3161973131736976,2.5417130402495727,1.0,Toys
2024-05-24,0.978072232959348,-0.4472176319012494,2.450156489978098,2.0,Toys
2024-05-25,1.3177796950196357,-0.06968914873790663,2.7259358872958455,1.0,Toys
2024-05-26,1.1181647224128743,-0.19876426907454903,2.6172733210365133,1.0,Toys
2024-05-27,1.2947071946383082,-0.25385673584867346,2.778238750502714,0.0,Toys
2024-05-28,0.9685434678824903,-0.3525226975793769,2.408110362649308,1.0,Toys
2024-05-29,1.4026403728972658,0.072977622465676,2.829984854392426,2.0,Toys
2024-05-30,1.2822965549764898,-0.09001258674801,2.762046012012613,1.0,Toys
2024-05-31,1.142512001480164,-0.2104913478700672,2.44298179064616,1.0,Toys
2024-06-01,1.4807222165099188,0.15799831470315542,2.8718742473079715,1.0,Toys
2024-06-02,1.27650144656454,-0.1260154164519165,2.6517732218179324,2.0,Toys
2024-06-03,1.4452274388573247,0.001818051741661853,2.8341203788814653,1.0,Toys
2024-06-04,1.1085302523131477,-0.2506953745455462,2.4862975493003914,2.0,Toys
2024-06-05,1.5293149672940882,0.07258279473331818,2.8858249962103475,1.0,Toys
2024-06-06,1.3936290428239224,-0.02718153897098504,2.8095498801775465,1.0,Toys
2024-06-07,1.2367342993997652,-0.17681892692882384,2.7230431163160294,0.0,Toys
2024-06-08,1.5563800040877085,0.14235025345182895,2.9807854351608207,2.0,Toys
2024-06-09,1.3329256336510633,-0.05151734934566758,2.6464226005123415,5.0,Toys
2024-06-10,1.4819882104598097,0.015387382309567467,2.882872268414451,1.0,Toys
2024-06-11,1.1259641501689857,-0.2969995102486614,2.5477917349867356,3.0,Toys
2024-06-12,1.5278937434412287,0.18699054969057882,2.9267881787794394,2.0,Toys
2024-06-13,1.3746894774201184,-0.08949665227018087,2.893394129750702,0.0,Toys
2024-06-14,1.2019074351206123,-0.20283870054285702,2.6526358600480617,0.0,Toys
2024-06-15,1.5075583405326356,-0.022761554246405056,3.0494988252362467,0.0,Toys
2024-06-16,1.2726510187040871,-0.09589061156721283,2.6926855183884433,0.0,Toys
2024-06-17,1.4128255571731392,0.0038210566616342454,2.9003658204818357,1.0,Toys
2024-06-18,1.0509534269279663,-0.387548900614103,2.4756153665644245,1.0,Toys
2024-06-19,1.449850853014756,0.03790720116865484,2.84800580771522,0.0,Toys
2024-06-20,1.2968768861704132,-0.09472448114084744,2.6340543257568028,2.0,Toys
2024-06-21,1.1274144880638013,-0.281029430759715,2.5144180584543854,1.0,Toys
2024-06-22,1.4392310043446623,0.06063234496246694,2.9424269044836326,2.0,Toys
2024-06-23,1.2134547167433491,-0.16412416922761142,2.6494538657992495,0.0,Toys
2024-06-24,1.365206844043302,0.09928516945212848,2.711559223832186,2.0,Toys
2024-06-25,1.017293242539531,-0.44470465123844527,2.4077845542378795,0.0,Toys
2024-06-26,1.4317799409851533,0.13701735114330033,2.802656610488746,1.0,Toys
2024-06-27,1.295973883016049,-0.25140835905265163,2.6297933044343873,2.0,Toys
2024-06-28,1.144625947383947,-0.2404847186345283,2.6160471489500337,2.0,Toys
2024-06-29,1.4748521324342336,0.040679892048372586,2.9449947746222946,2.0,Toys
2024-06-30,1.2675532472312558,-0.1207490846471518,2.730721413159439,1.0,Toys
2024-07-01,1.4370543241661968,0.06089668182941515,2.7693213152765774,2.0,Toys
2024-07-02,1.1058947949355515,-0.3087764375818891,2.5478378567371442,1.0,Toys
2024-07-03,1.535271250850369,0.16763236619615499,3.038885684960331,0.0,Toys
2024-07-04,1.4124039686129415,0.04974847514320296,2.744284704163588,1.0,Toys
2024-07-05,1.2714629639914294,-0.09550142961252628,2.744983295316973,0.0,Toys
2024-07-06,1.6090489556118577,0.23678040611284712,2.959387266387664,2.0,Toys
2024-07-07,1.406053264429709,-0.03348691199938686,2.8239383364546247,1.0,Toys
2024-07-08,1.5762997886767403,0.13153054898074104,2.8744598380534807,2.0,Toys
2024-07-09,1.2424270117817868,-0.23873550349229303,2.6928112509455224,1.0,Toys
2024-07-10,1.6651897168256282,0.258156620379091,3.0453369900350564,1.0,Toys
2024-07-11,1.5322015990094306,0.18259611166204384,2.918543337469875,2.0,Toys
2024-07-12,1.3775734664144987,-0.013446320988234398,2.67108776733712,2.0,Toys
2024-07-13,1.6979421658262763,0.2272981683246901,3.06979083784341,2.0,Toys
2024-07-14,1.4747582221072704,0.12578550901758395,2.9500593710637464,2.0,Toys
2024-07-15,1.6219175468709761,0.2797551578876334,3.0592735546380196,4.0,Toys
2024-07-16,1.262722384982667,-0.1558209758854114,2.6804554913607737,1.0,Toys
2024-07-17,1.6580293194293185,0.24717146810731874,2.9740749136506213,3.0,Toys
2024-07-18,1.4963558206959382,0.19462658217267442,2.962328406502961,1.0,Toys
2024-07-19,1.3122192282879868,-0.11917294281329531,2.716774037446616,2.0,Toys
2024-07-20,1.6027033032570697,0.2737634836619247,3.1032506514390006,1.0,Toys
2024-07-21,1.3501645238377884,0.019081640266523436,2.7344052412058453,1.0,Toys
2024-07-22,1.4688458850576092,0.07327961443729002,2.8991827581696494,1.0,Toys
2024-07-23,1.0829107356005307,-0.31802203075941105,2.59547824068974,0.0,Toys
2024-07-24,1.4534327350509681,0.11678346333854155,2.7707321676823033,1.0,Toys
2024-07-25,1.2698637878287422,-0.161598310297489,2.6506341845785717,1.0,Toys
2024-07-26,1.0670730733669118,-0.3361482247199236,2.5180459742550654,3.0,Toys
2024-07-27,1.3424523073129067,-0.11432728918107718,2.7438871420986755,0.0,Toys
2024-07-28,1.079043542895663,-0.37524905720774493,2.5532608506143646,0.0,Toys
2024-07-29,1.1911395957198787,-0.28563222134734323,2.6388162810732223,0.0,Toys
2024-07-30,0.8033968693846254,-0.5818066428588974,2.298690152950498,2.0,Toys
2024-07-31,1.1766747793295176,-0.19124385457937595,2.5690006866379385,1.0,Toys
2024-08-01,1.000873820138804,-0.47918264349015094,2.338085325887414,2.0,Toys
2024-08-02,0.8106844318273235,-0.6236071010025555,2.2409519635932464,1.0,Toys
2024-08-03,1.1032415728732972,-0.3683301239623521,2.6106903958006433,0.0,Toys
2024-08-04,0.8616852174256763,-0.6060756354914018,2.3014302857010183,1.0,Toys
2024-08-05,0.9997589456203924,-0.38469799118204856,2.3887888671619586,0.0,Toys
2024-08-06,0.6420134047898446,-0.7545973596791304,2.1572136695818296,1.0,Toys
2024-08-07,1.0485067220393771,-0.2736324466917637,2.451346420632215,0.0,Toys
2024-08-08,0.9090238693300224,-0.5690499737467923,2.285196568141896,1.0,Toys
2024-08-09,0.7575459621132369,-0.6224179474708103,2.1342322914651923,1.0,Toys
2024-08-10,1.090463970655721,-0.20689888083206584,2.51232236598647,1.0,Toys
2024-08-11,0.8905807943059721,-0.5896087617797136,2.2810225492505882,1.0,Toys
2024-08-12,1.0707157993683347,-0.22720715186043616,2.49809970463459,5.0,Toys
2024-08-13,0.7550054702812149,-0.6757350383144023,2.13506416017252,2.0,Toys
2024-08-14,1.2024700377632747,-0.25648566025178515,2.6799252947834775,2.0,Toys
2024-08-15,1.1026179692506592,-0.2720101263212332,2.492386475648174,4.0,Toys
2024-08-16,0.9886380854822204,-0.4649581390742677,2.3859592063883728,2.0,Toys
2024-08-17,1.3561733398287705,-0.16452825567072366,2.737389799166588,3.0,Toys
2024-08-18,1.187763957301821,-0.25610249159047904,2.6413096512559933,0.0,Toys
2024-08-19,1.3954560061093157,0.0442546364708278,2.8085088794235133,3.0,Toys
2024-08-20,1.1031959883893465,-0.29050250320910703,2.4779276171297413,2.0,Toys
2024-08-21,1.5692591844556778,0.24048175000107042,2.980210528139183,0.0,Toys
2024-08-22,1.4832336273497662,0.06139588565453935,2.832493162890474,2.0,Toys
2024-08-23,1.3779283786876912,-0.08144284064709435,2.7268249861047544,4.0,Toys
2024-08-24,1.748699838207591,0.30427401614441485,3.1622931879792517,1.0,Toys
2024-08-25,1.5783276798902797,0.08771808587638621,2.9008828519944356,1.0,Toys
2024-08-26,1.7786186169232439,0.3787455585499451,3.212848599459447,0.0,Toys
2024-08-27,1.4738856809427938,0.1343916364147779,2.8727449732289285,3.0,Toys
2024-08-28,1.922228784389981,0.471264608130687,3.310141883022158,0.0,Toys
2024-08-29,1.8138885970358667,0.37058438491996276,3.210477056721942,1.0,Toys
2024-08-30,1.681861474101749,0.2841423348229842,3.167288954595412,0.0,Toys
2024-08-31,2.021769017488047,0.5796619852661842,3.4188202832092935,0.0,Toys
2024-09-01,1.817157904291682,0.3343270399076819,3.255518257230154,2.0,Toys
2024-09-02,1.980090449625721,0.6630689861527006,3.483417165738425,6.0,Toys
2024-09-03,1.6357008119840566,0.23133229516801232,3.0861590814358157,1.0,Toys
2024-09-04,2.0423207555840635,0.6845328833204231,3.5168773142046934,5.0,Toys
2024-09-05,1.8911972523625031,0.5327876353988356,3.3819257416627373,3.0,Toys
2024-09-06,1.715808810095973,0.4541277480201256,3.2137943645410005,1.0,Toys
2024-09-07,2.012274024809308,0.732241928724635,3.3983164199891127,1.0,Toys
2024-09-08,1.7650720847737755,0.37927962785208746,3.1969818977724507,2.0,Toys
2024-09-09,1.8866179939789745,0.35757387778442695,3.26059456439321,3.0,Toys
2024-09-10,1.5028946665092195,0.062428692383111675,2.889723463095062,0.0,Toys
2024-09-11,1.8724239565304002,0.5567434588220859,3.3077450681214757,1.0,Toys
2024-09-12,1.6873491475360434,0.23511998011792598,3.0184725514313624,4.0,Toys
2024-09-13,1.4814549107332196,0.14530258454741507,2.811124709461994,0.0,Toys
2024-09-14,1.7511181071552966,0.381740105809686,3.139374879242069,1.0,Toys
2024-09-15,1.4814531998579075,0.007986987552368511,2.8722630336795634,4.0,Toys
2024-09-16,1.5848772775678306,0.1871174192766822,3.014530357285793,1.0,Toys
2024-09-17,1.1878240044783115,-0.33933666815565555,2.5754227971870174,1.0,Toys
2024-09-18,1.5485666197095063,0.017903616573094822,3.089320746582066,1.0,Toys
2024-09-19,1.3596726488093354,-0.02724735179015203,2.7153712809796806,2.0,Toys
2024-09-20,1.1547353488412024,-0.24217007115884467,2.5854240120543226,0.0,Toys
2024-09-21,1.4298750178980866,-0.010703614998000748,2.9725831768071926,2.0,Toys
2024-09-22,1.1703178472617495,-0.18811730044556266,2.570645516729627,1.0,Toys
2024-09-23,1.2879594182908367,-0.07504109298391959,2.7410088736588523,1.0,Toys
2024-09-24,0.9091691852727184,-0.5220785945138454,2.42815239721743,2.0,Toys
2024-09-25,1.2914739876452803,-0.06146800092596738,2.6834213759602323,1.0,Toys
2024-09-26,1.1273932534612259,-0.3241524681197886,2.3972145771546636,1.0,Toys
2024-09-27,0.9498897897736924,-0.44483059884548193,2.2731807897397736,1.0,Toys
2024-09-28,1.2544289133560018,-0.2537716738869594,2.65118060336166,2.0,Toys
2024-09-29,1.025997384088884,-0.25646763137186324,2.5391540246767463,2.0,Toys
2024-09-30,1.175671224451816,-0.23800578351109275,2.5588900847992395,1.0,Toys
2024-10-01,0.8295156839789668,-0.5964601005497728,2.4044447049325295,0.0,Toys
2024-10-02,1.2441332158179907,-0.26878718734396934,2.6868456573147763,0.0,Toys
2024-10-03,1.1118820455492224,-0.27775395961094906,2.5193928186961276,1.0,Toys
2024-10-04,0.9650480377126605,-0.3790528057000684,2.3628474856448256,0.0,Toys
2024-10-05,1.2984621903970726,-0.20369375161364647,2.8270929145511308,2.0,Toys
2024-10-06,1.096958979080025,-0.3558047713323195,2.4770459778416916,2.0,Toys
2024-10-07,1.2709466106630314,-0.15848069159634465,2.775098124103028,1.0,Toys
2024-10-08,0.9463993829499748,-0.4086398094277824,2.4857664016484162,0.0,Toys
2024-10-09,1.3792658820839494,0.0032389021289121714,2.860218196759271,2.0,Toys
2024-10-10,1.2620655811279797,-0.18076897700800446,2.6574355304253663,1.0,Toys
2024-10-11,1.1267754423016896,-0.14819438239764535,2.5654725847883753,1.0,Toys
2024-10-12,1.4679985392413435,0.049960901359942814,2.8905715541612604,1.0,Toys
2024-10-13,1.2708538085737295,-0.14933066639029816,2.640092631858101,2.0,Toys
2024-10-14,1.445540116904026,0.08515804975888241,2.9300846317401947,2.0,Toys
2024-10-15,1.118411938325228,-0.2939124684545429,2.4399907663076075,1.0,Toys
2024-10-16,1.5452384168663533,0.04878173140854774,2.9228751604455097,1.0,Toys
2024-10-17,1.4191685461977348,0.026046223511524424,2.761983848036616,2.0,Toys
2024-10-18,1.2723231583699928,-0.20898469692178795,2.647943679042666,1.0,Toys
2024-10-19,1.5995056180700837,0.18602751812562637,3.049544122761444,5.0,Toys
2024-10-20,1.386514411802831,-0.0018992565220793875,2.8474426936661423,4.0,Toys
2024-10-21,1.5436931288369293,0.11046800087547612,3.0817792989988573,2.0,Toys
2024-10-22,1.1980824035878,-0.11393063582237344,2.62559505993935,1.0,Toys
2024-10-23,1.6055237956212658,0.22283010424722138,2.9649846601201757,0.0,Toys
2024-10-24,1.4599886495328578,0.053558044112450465,2.868565771241399,1.0,Toys
2024-10-25,1.2938718338705755,-0.12743336190384075,2.673215126239195,3.0,Toys
2024-10-26,1.602242227833411,0.11882253676841556,3.04813876039511,0.0,Toys
2024-10-27,1.3715772887032418,-0.049850720060564326,2.7437209412265644,2.0,Toys
2024-10-28,1.5122995399350494,0.05291638540594687,2.944085647520548,2.0,Toys
2024-10-29,1.15200682427336,-0.229633158902716,2.632501096587906,1.0,Toys
2024-10-30,1.5464244665537439,0.1473511902740933,2.872038819598011,2.0,Toys
2024-10-31,1.3901026320750625,-0.062715814778921,2.821409973387659,1.0,Toys
2024-11-01,1.2154178883313718,-0.19299705725280536,2.682150232273012,0.0,Toys
2024-11-02,1.5173706817852286,0.13914309874471734,2.918875247338011,3.0,Toys
2024-11-03,1.2827500484075756,-0.07339143394594536,2.655361647476741,1.0,Toys
2024-11-04,1.4216655584064724,-0.1436133756427448,2.9292891318943193,1.0,Toys
2024-11-05,1.0618654102962957,-0.4203985941112014,2.4787616626157463,1.0,Toys
2024-11-06,1.4585467669992538,0.08433789652392672,2.874578526515439,2.0,Toys
2024-11-07,1.3064316314073485,-0.13065704124060604,2.616993528174986,2.0,Toys
2024-11-08,1.1374861397095353,-0.21637746805951497,2.566838918798094,1.0,Toys
2024-11-09,1.446274588378826,0.06664230385060202,2.87306951604235,1.0,Toys
2024-11-10,1.2195632662660876,-0.17201477837665533,2.7337623573588345,1.0,Toys
2024-11-11,1.3668560307853361,0.026642822590335503,2.8186771903257313,1.0,Toys
2024-11-12,1.015807409181072,-0.517212227699228,2.3151019910031327,0.0,Toys
2024-11-13,1.4208970830631222,0.020509129623545803,2.8422348076518924,2.0,Toys
2024-11-14,1.2768889097723035,-0.1871697886218147,2.6317845563754143,1.0,Toys
2024-11-15,1.115271105543211,-0.26410628347091164,2.4878414023149102,2.0,Toys
2024-11-16,1.4301684218552013,-0.0006499339891418,2.9271935475688045,4.0,Toys
2024-11-17,1.2083850882770573,-0.22185860846419403,2.6003583725503705,4.0,Toys
2024-11-18,1.3589423880798148,-0.07199602908802254,2.8248709966535865,2.0,Toys
2024-11-19,1.009583542876828,-0.3288890272148311,2.416004189005158,1.0,Toys
2024-11-20,1.414307599529024,-0.09316966955776074,2.8091142287405786,1.0,Toys
2024-11-21,1.268205437862469,-0.19953011196493495,2.65926161682933,0.0,Toys
2024-11-22,1.1026134164179566,-0.3553655204046943,2.4081274251676046,0.0,Toys
2024-11-23,1.411575182439896,0.0073611471232045336,2.815705219871135,1.0,Toys
2024-11-24,1.1823143298690073,-0.3745272205779798,2.567892440476771,0.0,Toys
2024-11-25,1.3237639322484684,-0.0627319516049248,2.653946209418343,1.0,Toys
2024-11-26,0.9641527739049307,-0.4845239356506502,2.249556697151395,0.0,Toys
2024-11-27,1.357388072302992,0.07502434150101285,2.823255659644962,2.0,Toys
2024-11-28,1.1992580454167536,-0.27222015284866247,2.646847158157381,0.0,Toys
2024-11-29,1.0212890029173352,-0.29242357966782984,2.4393782620790345,0.0,Toys
2024-11-30,1.3177474434107364,-0.08740753093690473,2.698559756329559,1.0,Toys
2024-12-01,1.0765339984290456,-0.26952189504218016,2.4279601718568355,1.0,Toys
2024-12-02,1.206697635519663,-0.22093002608145343,2.56386266220385,2.0,Toys
2024-12-03,0.8370972884109856,-0.6045122383517547,2.2144002815558443,2.0,Toys
2024-12-04,1.221628971237088,-0.10636067644841853,2.619468985316514,0.0,Toys
2024-12-05,1.0567920928949153,-0.349163600280707,2.537795080311131,1.0,Toys
2024-12-06,0.8742488975490502,-0.5121439762402291,2.318614043806791,1.0,Toys
2024-12-07,1.1683675114456205,-0.19588118836577262,2.5981198526292353,1.0,Toys
2024-12-08,0.927539589925707,-0.49906617064479264,2.292095084502865,0.0,Toys
2024-12-09,1.0606833132097948,-0.3183778017569393,2.6290853528229863,3.0,Toys
2024-12-10,0.6969861493216732,-0.7344855035851849,2.0481756536582485,1.0,Toys
2024-12-11,1.0899835682454722,-0.31252755681060307,2.4914856654273496,1.0,Toys
2024-12-12,0.9364976091033875,-0.5100253917493847,2.442275925439155,0.0,Toys
2024-12-13,0.7679082618283809,-0.6877506203615467,2.042761841753132,0.0,Toys
2024-12-14,1.0782478995114668,-0.3960267890621171,2.517333816929698,3.0,Toys
2024-12-15,0.8559536430029123,-0.5271041752030681,2.3223319924889583,1.0,Toys
2024-12-16,1.0093704597328934,-0.3867657029732355,2.5357040236352204,1.0,Toys
2024-12-17,0.6675863730639052,-0.7918531998636013,2.117243207869746,2.0,Toys
2024-12-18,1.083373798855742,-0.3655622060899762,2.5323849570132926,2.0,Toys
2024-12-19,0.9535108078076465,-0.4615892900591812,2.5076865343017944,3.0,Toys
2024-12-20,0.808774034974059,-0.6849087567999739,2.226312342397726,2.0,Toys
2024-12-21,1.1425929738306115,-0.3581452038618626,2.5323888245050967,0.0,Toys
2024-12-22,0.9432441969461504,-0.5694689419279306,2.3580332911923283,6.0,Toys
2024-12-23,1.1183601652027986,-0.2707697988396853,2.5172608279973256,1.0,Toys
2024-12-24,0.7968608056291187,-0.6455666762747302,2.206177245300503,2.0,Toys
2024-12-25,1.2307595963535964,-0.17096734618591525,2.6219753084722357,0.0,Toys
2024-12-26,1.116867790020665,-0.432253296197119,2.4598213680801884,2.0,Toys
2024-12-27,0.9855072416260569,-0.4567545687059903,2.4503370169198093,0.0,Toys
2024-12-28,1.329721113459239,0.008255285993859518,2.7476076471949744,0.0,Toys
2024-12-29,1.1379047423336681,-0.28942850472149845,2.587395367342722,6.0,Toys
2024-12-30,1.3173133207600927,-0.11302221438524947,2.716337147081437,1.0,Toys
2024-12-31,0.9970815489612718,-0.46338581754168007,2.3881126929811773,2.0,Toys
2025-01-01,1.4288849304678923,-0.07232021341481164,2.792761469244579,,Toys
2025-01-02,1.310016421511218,-0.08014978091213375,2.7676750724048307,,Toys
2025-01-03,1.1708079181623596,-0.23297903660697153,2.5681400646999912,,Toys
2025-01-04,1.5043856826768935,0.08061880786508804,2.8242259642174545,,Toys
2025-01-05,1.2997260434059974,-0.11289405647580321,2.8193381839146743,,Toys
2025-01-06,1.4641503196179588,-0.031845463699764,2.9764190125624372,,Toys
2025-01-07,1.127421411208301,-0.3851910153802311,2.3808541341635796,,Toys
2025-01-08,1.5412499540276012,0.2058511906785737,2.9273922027397346,,Toys
2025-01-09,1.403734103650584,-0.08385045656141504,2.7671991700821104,,Toys
2025-01-10,1.2454816955061156,-0.15132259279787552,2.6510231951976975,,Toys
2025-01-11,1.5599039234974839,0.13635614193709522,2.9685755525079296,,Toys
2025-01-12,1.3366910922227349,-0.07789540400897899,2.7050658396336047,,Toys
2025-01-13,1.4832918207877859,0.11380677289406878,2.9245870961065488,,Toys
2025-01-14,1.130085499709496,-0.2883204536492373,2.395867587614409,,Toys
2025-01-15,1.528734157556953,0.2082912506092939,2.812910014625505,,Toys
2025-01-16,1.3779881290929097,-0.11693292341942199,2.7929101468108097,,Toys
